smiles,target,task,,,,,,,,,,task,mean,stdev,Range
OCCOCCOCCOC,1.033106302,0,,,,,0,tk,,,,0,-2.00657471,0.222686715,5.350286292
C(Cl)(Cl)CCl,-0.05370098,0,,,,,1,vp,,,,1,6.921702415,3.895900156,4.805505789
C[Ge](Cl)(Cl)Cl,-1.496289979,0,,,,,2,vd,,,,2,0.619301517,1.138251837,3.487590945
S1C=CC=C1,0.382493738,0,,,,,3,lipo,,,,3,2.1504,1.359648754,4.052517228
CC(C)(C)CCC(C)(C)C,-1.272314841,0,,,,,4,solubility,,,,4,-3.32602,2.12697276,4.24547045
C1CCCc2ccccc21,-0.163371114,0,,,,,5,U,,,,5,-414.027126,36.76193586,4.697801026
C1COCC1,-0.484418011,0,,,,,6,D,,,,6,1.9672,1.763173206,4.304738737
CC(F)(F)CC(C)(F)F,-1.70645698,0,,,,,7,PSA,,,,7,31.6576,37.93200386,5.333754598
C1CCC(=O)N1,1.659657364,0,,,,,8,LC50,,,,8,3.54584,1.51422933,4.291291861
CCCS,0.046211648,0,,,,,9,plC50,,,,9,6.995364377,1.190612844,4.452354114
c1ccccc1/C=C/C,-0.015347067,0,,,,,10,LD50,,,,10,2.48564,0.902531717,4.436409185
C=CCOC(=O)C=C,0.255877483,0,,,,,11,solv,,,,11,-3.9848,2.733590925,4.525183298
c1ccccc1C(C)OC=O,-0.660019672,0,,,,,12,IGC50,,,,12,,,4.693638538
CCCC(O)C,0.061062812,0,,,,,13,LC50DM,,,,13,4.7783,1.545898712,4.942755915
CCCCCS,0.029368978,0,,,,,14,LogS,,,,14,-2.817400002,1.968705283,4.65686747
CCCCC#N,0.573431868,0,,,,,,,,,,,,,
C(F)(F)C(F)(F)C(F),-2.153575982,0,,,,,,,,,,,,,
C=CCC=C,-0.671304597,0,,,,,,,,,,,,,
CC(=O)C=O,0.274321757,0,,,,,,,,,,,,,
C#CCCCCCC,-0.001705561,0,,,,,,,,,,,,,
n1cc(C)ccc1,0.153867715,0,,,,,,,,,,,,,
O(C(CC1)C)C1,-0.62255494,0,,,,,,,,,,,,,
C=CCCCCC(C)C,-0.857809535,0,,,,,,,,,,,,,
C1=CC(C)CC1,-0.433193056,0,,,,,,,,,,,,,
C1(C)=CCCC1,-0.364586979,0,,,,,,,,,,,,,
C1CC(C)C2CCCCC2C1,-0.700814853,0,,,,,,,,,,,,,
OCC(C)CC,0.104962432,0,,,,,,,,,,,,,
S1C(C)=CC=C1,-0.226343313,0,,,,,,,,,,,,,
O=CC(C)CCCCCC,0.513740063,0,,,,,,,,,,,,,
OC(C)(C)C(=O)OC,0.24917548,0,,,,,,,,,,,,,
CCC(=O)CCC(C)C,0.43711776,0,,,,,,,,,,,,,
CSCC,0.035425877,0,,,,,,,,,,,,,
C1C(C)OC(=O)O1,2.029639416,0,,,,,,,,,,,,,
CO,1.787233492,0,,,,,,,,,,,,,
c1(I)ccccc1,-1.325209217,0,,,,,,,,,,,,,
CC(=O)CO,0.559388937,0,,,,,,,,,,,,,
C#N,2.331699384,0,,,,,,,,,,,,,
C=C=CCCC,-0.207635237,0,,,,,,,,,,,,,
O=CC=O,1.145509312,0,,,,,,,,,,,,,
c1(F)ccccc1,-0.265227837,0,,,,,,,,,,,,,
CCCC=C(CC)C=O,0.73577835,0,,,,,,,,,,,,,
C1CN1,1.571923235,0,,,,,,,,,,,,,
CCCCCCCCCCCCCCCC(=O)OCC,0.097380048,0,,,,,,,,,,,,,
C/C=CCCCCCCCCC,0.318049013,0,,,,,,,,,,,,,
CCCCCCCCCCCCO,0.603878587,0,,,,,,,,,,,,,
CCCNCCC,-0.170739623,0,,,,,,,,,,,,,
CC1(C)CO1,0.507198168,0,,,,,,,,,,,,,
C[Hg]C,-3.018586908,0,,,,,,,,,,,,,
C1[C@@](C)([H])([C@]([H])(C)(CC1)),-0.568812161,0,,,,,,,,,,,,,
COS(=O)(=O)OC,-0.057480774,0,,,,,,,,,,,,,
CC(C)(C)OC(=O)C,0.42074862,1,,,,,,,,,,,,,
COC(C)COC(C)CO,-0.690540165,1,,,,,,,,,,,,,
C1(CCC(CC1)C(C)C)C,-0.258702935,1,,,,,,,,,,,,,
CC(C)(C)CC(C)(C)C,0.258135416,1,,,,,,,,,,,,,
ClC(F)(F)C(F)(F)C(F)(F)Cl,1.083033206,1,,,,,,,,,,,,,
ClC(Cl)(F)C(F)(F)Cl,0.984414562,1,,,,,,,,,,,,,
C=CCN(CC=C)CC=C,-0.192027695,1,,,,,,,,,,,,,
FS(=O)(=O)O,-0.294592118,1,,,,,,,,,,,,,
CC(=O)C=O,0.684489995,1,,,,,,,,,,,,,
O=C(C)C=CC,0.153008582,1,,,,,,,,,,,,,
CC=CCOC(=O)C,0.01444011,1,,,,,,,,,,,,,
C1C(C2C=CC1C2)CC,0.046772033,1,,,,,,,,,,,,,
O=CC1CCC=CC1,-0.342819583,1,,,,,,,,,,,,,
CCC(C)C=O,0.474560004,1,,,,,,,,,,,,,
CC(O)COCCC,-0.31820366,1,,,,,,,,,,,,,
C1[C@@](C)([H])(C[C@]([H])(C)(CC1)),0.237084487,1,,,,,,,,,,,,,
C/C=CCC,1.073311457,1,,,,,,,,,,,,,
C=C(C)CC,1.145312363,1,,,,,,,,,,,,,
C=CCCCCCCCCCCCCCCCCC,-3.149360237,1,,,,,,,,,,,,,
CC#CC,1.170826387,1,,,,,,,,,,,,,
CC(=O)SCC,0.251913886,1,,,,,,,,,,,,,
O=C(OCCC(C)C)CCC,-0.528284367,1,,,,,,,,,,,,,
CCCCCCCCCCCCCCCC(=O)OCC,-3.234911857,1,,,,,,,,,,,,,
C(I)(F)(F)(F),1.570593932,1,,,,,,,,,,,,,
CC(F)(F)CC(F)(F)F,1.019807638,1,,,,,,,,,,,,,
CC(=O)CCC(C)C,-0.047968675,1,,,,,,,,,,,,,
CC(C)C(=O)C(C)C,0.155076362,1,,,,,,,,,,,,,
C1CCC(=O)N1,-1.742074863,1,,,,,,,,,,,,,
CCC1=CC(C=C)=CC=C1,-0.628552713,1,,,,,,,,,,,,,
S1CCC1,0.524171858,1,,,,,,,,,,,,,
FC(F)OCC(F)(F)F,1.130713888,1,,,,,,,,,,,,,
CC(O)COC(C)C,-0.110181815,1,,,,,,,,,,,,,
ClCCO,0.021758471,1,,,,,,,,,,,,,
CCCOC(=O)C=C,0.131395243,1,,,,,,,,,,,,,
CCCC[N+](=O)[O-],-0.17123464,1,,,,,,,,,,,,,
CCCCCCS,-0.104146832,1,,,,,,,,,,,,,
Cl/C=C/Cl,0.954812918,1,,,,,,,,,,,,,
Fc1cc(F)ccc1,0.607847877,1,,,,,,,,,,,,,
CC1OCCO1,0.543416097,1,,,,,,,,,,,,,
Cc1ccc(C)o1,0.463320448,1,,,,,,,,,,,,,
CC(=O)OCC(CC)CCCC,-0.848684039,1,,,,,,,,,,,,,
CCCCCCOC(=O)C,-0.440524022,1,,,,,,,,,,,,,
COC(C)C,1.107944383,1,,,,,,,,,,,,,
CCCCCCCCCCCCO,-2.361715119,1,,,,,,,,,,,,,
OC1CCCCC1,-0.663368077,1,,,,,,,,,,,,,
c1c(O)c(C)cc(C)c1,-1.105712719,1,,,,,,,,,,,,,
CC(C)CNCC(C)C,-0.023575668,1,,,,,,,,,,,,,
CCCCCS,0.144802552,1,,,,,,,,,,,,,
C1(CC2C=CC1C2)C=C,0.109590384,1,,,,,,,,,,,,,
ClS(=O)(=O)Cl,0.773878643,1,,,,,,,,,,,,,
CCC(=C)c1cccc(c1)C(C)(C)N=C=O,0.457856711,2,,,,,,,,,,,,,
CCC(=C)c1ccc(cc1)C(C)(C)N=C=O,0.654492482,2,,,,,,,,,,,,,
CCCCO,0.280447836,2,,,,,,,,,,,,,
CCCCO,0.26407403,2,,,,,,,,,,,,,
CC(C)CCl,-1.268145513,2,,,,,,,,,,,,,
[O-][N+](=O)c1ccccc1F,0.234881598,2,,,,,,,,,,,,,
[O-][N+](=O)c1cccc(F)c1,0.140586955,2,,,,,,,,,,,,,
CCCCCCCO,1.020778004,2,,,,,,,,,,,,,
CCCCCCCO,1.021517578,2,,,,,,,,,,,,,
CCCCCCO,0.791640786,2,,,,,,,,,,,,,
CCCCCCCCCO,1.453430174,2,,,,,,,,,,,,,
CCCCCCCCCO,1.396073109,2,,,,,,,,,,,,,
CCC(C)(C)C,-1.463885687,2,,,,,,,,,,,,,
CC1CC(C)[S](=O)(=O)C1,1.393946827,2,,,,,,,,,,,,,
CCc1cccc(CC)c1N,0.593388588,2,,,,,,,,,,,,,
Cc1cccc(C)c1N,0.494113569,2,,,,,,,,,,,,,
Cc1cccc(C)[n+]1[O-],1.053885072,2,,,,,,,,,,,,,
CCC(C)O,0.556772328,2,,,,,,,,,,,,,
Cc1cccc(Cl)c1N,0.173414919,2,,,,,,,,,,,,,
CCOCCO,-0.009333166,2,,,,,,,,,,,,,
CCOCCO,-0.005517567,2,,,,,,,,,,,,,
CCCCCC(C)=O,-0.846211038,2,,,,,,,,,,,,,
CCC(C)C,-1.914336763,2,,,,,,,,,,,,,
CCC(C)C,-1.896955749,2,,,,,,,,,,,,,
CCCC(C)C,-1.64966174,2,,,,,,,,,,,,,
CC(C)(C)O,0.760080098,2,,,,,,,,,,,,,
CCCC(C)O,0.528466886,2,,,,,,,,,,,,,
CC(C)O,0.071440849,2,,,,,,,,,,,,,
Nc1cccc(F)c1,0.252087341,2,,,,,,,,,,,,,
CC(C)N1CCOC1=O,0.590978326,2,,,,,,,,,,,,,
CCC(C)CC,-1.581556022,2,,,,,,,,,,,,,
CN1CCOC1=O,0.254249968,2,,,,,,,,,,,,,
CC(C)(C)N1CCOC1=O,0.973414234,2,,,,,,,,,,,,,
CC(O)=O,-0.431669106,2,,,,,,,,,,,,,
CC(=O)c1ccccc1,-0.121878947,2,,,,,,,,,,,,,
ClCC=C,-1.564551487,2,,,,,,,,,,,,,
CCCCCN,-0.835129095,2,,,,,,,,,,,,,
COc1ccccc1,-0.472490957,2,,,,,,,,,,,,,
O=C(OCc1ccccc1)c2ccccc2,1.331264732,2,,,,,,,,,,,,,
O=C(OCc1ccccc1)c2ccccc2,1.314287075,2,,,,,,,,,,,,,
O=C(OCc1ccccc1)c2ccccc2,1.337529654,2,,,,,,,,,,,,,
CCCCOc1ccccc1,-0.034546867,2,,,,,,,,,,,,,
Clc1ccccc1,-0.725852281,2,,,,,,,,,,,,,
FC(F)Cl,-2.034160771,2,,,,,,,,,,,,,
CCCCCCCCCC,-0.670426462,2,,,,,,,,,,,,,
O([2H])[2H],-0.480381237,2,,,,,,,,,,,,,
OCCOCCO.O[N+]([O-])=O.O[N+]([O-])=O,1.128490211,2,,,,,,,,,,,,,
CC(C)CNCC(C)C,-0.825394478,2,,,,,,,,,,,,,
CC(C)CCNCCC(C)C,-0.323779665,2,,,,,,,,,,,,,
CCOC=O,-1.367725343,2,,,,,,,,,,,,,
Cn1c(CN2CCN(CC2)c3ccc(Cl)cc3)nc4ccccc14,1.022028664,3,,,,,,,,,,,,,
COc1cc(OC)c(cc1NC(=O)CSCC(=O)O)S(=O)(=O)N2C(C)CCc3ccccc23,-2.449456148,3,,,,,,,,,,,,,
COC(=O)[C@@H](N1CCc2sccc2C1)c3ccccc3Cl,1.132351275,3,,,,,,,,,,,,,
OC[C@H](O)CN1C(=O)C(Cc2ccccc12)NC(=O)c3cc4cc(Cl)sc4[nH]3,0.896996372,3,,,,,,,,,,,,,
Cc1cccc(C[C@H](NC(=O)c2cc(nn2C)C(C)(C)C)C(=O)NCC#N)c1,0.698415673,3,,,,,,,,,,,,,
OC1(CN2CCC1CC2)C#Cc3ccc(cc3)c4ccccc4,0.727835036,3,,,,,,,,,,,,,
COc1cc(OC)c(cc1NC(=O)CCC(=O)O)S(=O)(=O)NCc2ccccc2N3CCCCC3,-2.111133476,3,,,,,,,,,,,,,
CNc1cccc(CCOc2ccc(C[C@H](NC(=O)c3c(Cl)cccc3Cl)C(=O)O)cc2C)n1,-1.331520361,3,,,,,,,,,,,,,
COc1ccc(cc1)C2=COc3cc(OC)cc(OC)c3C2=O,0.66164147,3,,,,,,,,,,,,,
Oc1ncnc2scc(c3ccsc3)c12,0.073254213,3,,,,,,,,,,,,,
CS(=O)(=O)c1ccc(Oc2ccc(cc2)C#C[C@]3(O)CN4CCC3CC4)cc1,-0.471003999,3,,,,,,,,,,,,,
C[C@H](Nc1nc(Nc2cc(C)[nH]n2)c(C)nc1C#N)c3ccc(F)cn3,0.338028479,3,,,,,,,,,,,,,
O=C1CCCCCN1,-1.640423671,3,,,,,,,,,,,,,
CCCSc1ncccc1C(=O)N2CCCC2c3ccncc3,-0.147391008,3,,,,,,,,,,,,,
CC1CCCCC1NC(=O)c2cnn(c2NS(=O)(=O)c3ccc(C)cc3)c4ccccc4,-0.596036291,3,,,,,,,,,,,,,
Nc1ccc(cc1)c2nc3ccc(O)cc3s2,0.77196408,3,,,,,,,,,,,,,
COc1ccc(cc1)N2CCN(CC2)C(=O)[C@@H]3CCCC[C@H]3C(=O)NCC#N,-0.404810432,3,,,,,,,,,,,,,
CCC(COC(=O)c1cc(OC)c(OC)c(OC)c1)(N(C)C)c2ccccc2,1.19119,3,,,,,,,,,,,,,
COc1cc(ccc1N2CC[C@@H](O)C2)N3N=Nc4cc(sc4C3=O)c5ccc(Cl)cc5,0.735189877,3,,,,,,,,,,,,,
CO[C@H]1CN(CCN2C(=O)C=Cc3ccc(cc23)C#N)CC[C@H]1NCc4ccc5OCC(=O)Nc5n4,-1.346230042,3,,,,,,,,,,,,,
CC(C)(CCCCCOCCc1ccccc1)NCCc2ccc(O)c3nc(O)sc23,0.566028541,3,,,,,,,,,,,,,
Clc1ccc(cc1)C(=O)Nc2oc(nn2)C(=O)Nc3ccc(cc3)N4CCOCC4,-0.16945553,3,,,,,,,,,,,,,
COc1ccc(Oc2cccc(CN3CCCC(C3)N4C=C(C)C(=O)NC4=O)c2)cc1,0.749899558,3,,,,,,,,,,,,,
OC(=O)c1cccc(c1)N2CCC(CN3CCC(CC3)Oc4ccc(Cl)c(Cl)c4)CC2,0.014415488,3,,,,,,,,,,,,,
CNCC[C@@H](Oc1ccccc1C)c2ccccc2,-0.69900406,3,,,,,,,,,,,,,
Clc1ccc(N2CCN(CC2)C(=O)CCCc3ccncc3)c(Cl)c1,1.308867452,3,,,,,,,,,,,,,
COc1cnc(nc1N(C)C)c2ccccn2,-0.184165211,3,,,,,,,,,,,,,
C(CCCCNc1cc(nc2ccccc12)c3ccccc3)CCCNc4cc(nc5ccccc45)c6ccccc6,0.087963895,3,,,,,,,,,,,,,
CSc1c(cnn1c2ccc(cc2)C(=O)O)C(=O)NC3C4CC5CC(CC3C5)C4,-0.69900406,3,,,,,,,,,,,,,
CNC1=Nc2ncccc2C(=NC1c3cccs3)c4occn4,-0.743133105,3,,,,,,,,,,,,,
CS(=O)(=O)C1(CC1)c2cc(nc(n2)c3cccc4[nH]ccc34)N5CC6CCC(C5)O6,0.330673638,3,,,,,,,,,,,,,
CN([C@@H]1CCN(Cc2ccc(cc2)C(F)(F)F)C[C@@H]1F)C(=O)Cc3ccc(cc3)n4cnnn4,0.845512487,3,,,,,,,,,,,,,
CC(=O)[C@H]1CC[C@H]2[C@@H]3CCC4=CC(=O)CC[C@]4(C)[C@H]3CC[C@]12C,1.316222292,3,,,,,,,,,,,,,
CS(=O)(=O)c1ccccc1C(=O)NC[C@@H](O)CN2CCC(CC2)Oc3ccc(Cl)c(Cl)c3,0.13944778,3,,,,,,,,,,,,,
O=C(NCc1ccncc1)c2ccc(Oc3ccccc3C#N)cc2,0.308609116,3,,,,,,,,,,,,,
CN(C)c1ccnc2sc(C(=O)NCc3ccccc3)c(N)c12,1.08086739,3,,,,,,,,,,,,,
CN1CCN(CC1)c2ccc3N=CN(C(=O)c3c2)c4cc(NC(=O)c5cscn5)ccc4C,-0.06648776,3,,,,,,,,,,,,,
Cn1cncc1c2c3C(=O)N(CC4CC4)C(=O)N(CC5CC5)c3nn2Cc6ccnc7ccc(Cl)cc67,1.60306108,3,,,,,,,,,,,,,
COc1ccc2ncc(C#N)c(CCN3CCC(CC3)NCc4cc5SCOc5cn4)c2c1,0.293899435,3,,,,,,,,,,,,,
CNC(=O)C1(CCN(CC[C@H](CN(C)C(=O)c2c(OC)c(cc3ccccc23)C#N)c4ccc(Cl)c(Cl)c4)CC1)N5CCCCC5=O,0.463060771,3,,,,,,,,,,,,,
OB1N(C(=O)Nc2ccccc12)c3ccccc3,-0.551907246,3,,,,,,,,,,,,,
CC(C)N(CCC(C(=O)N)(c1ccccc1)c2ccccn2)C(C)C,-1.978746343,3,,,,,,,,,,,,,
NC(=NC#N)c1sc(Nc2ccccc2)nc1N,0.5586737,3,,,,,,,,,,,,,
CCS(=O)(=O)c1ccc(c(C)c1)c2cc(ccc2O[C@H](C)C(=O)O)C(F)(F)F,-1.875778573,3,,,,,,,,,,,,,
OC(=O)COc1ccc(cc1c2cc(ccc2F)C#N)C(F)(F)F,-1.699262396,3,,,,,,,,,,,,,
COc1ccc(cn1)C2=Cc3c(C)nc(N)nc3N([C@@H]4CC[C@H](CC4)OCCO)C2=O,0.03648001,3,,,,,,,,,,,,,
CC(Nc1ncnc2ccccc12)c3ccccc3,0.919060894,3,,,,,,,,,,,,,
CC(C)c1ccc2Oc3nc(N)c(cc3C(=O)c2c1)C(=O)O,-0.772552468,3,,,,,,,,,,,,,
O[C@@H](CNCCCOCCOCCc1cccc2ccccc12)c3ccc(O)c4NC(=O)Sc34,0.095318736,3,,,,,,,,,,,,,
COc1ccccc1Cn2c(C)nc3ccccc23,0.970544779,3,,,,,,,,,,,,,
OCC3OC(OCC2OC(OC(C#N)c1ccccc1)C(O)C(O)C2O)C(O)C(O)C3O,1.201717318,4,,,,,,,,,,,,,
Cc1occc1C(=O)Nc2ccccc2,0.012233349,4,,,,,,,,,,,,,
CC(C)=CCCC(C)=CC(=O),0.595221539,4,,,,,,,,,,,,,
c1ccc2c(c1)ccc3c2ccc4c5ccccc5ccc43,-2.136360223,4,,,,,,,,,,,,,
c1ccsc1,0.938432329,4,,,,,,,,,,,,,
c2ccc1scnc1c2,0.858506528,4,,,,,,,,,,,,,
Clc1cc(Cl)c(c(Cl)c1)c2c(Cl)cccc2Cl,-1.877776752,4,,,,,,,,,,,,,
CC12CCC3C(CCc4cc(O)ccc34)C2CCC1O,-0.801129207,4,,,,,,,,,,,,,
ClC4=C(Cl)C5(Cl)C3C1CC(C2OC12)C3C4(Cl)C5(Cl)Cl,-1.393520432,4,,,,,,,,,,,,,
COc5cc4OCC3Oc2c1CC(Oc1ccc2C(=O)C3c4cc5OC)C(C)=C,-0.514336629,4,,,,,,,,,,,,,
O=C1CCCN1,2.066796568,4,,,,,,,,,,,,,
Clc1ccc2ccccc2c1,-0.382694135,4,,,,,,,,,,,,,
CCCC=C,0.303727444,4,,,,,,,,,,,,,
CCC1(C(=O)NCNC1=O)c2ccccc2,0.322533515,4,,,,,,,,,,,,,
CCCCCCCCCCCCCC,-2.178673882,4,,,,,,,,,,,,,
CC(C)Cl,0.900820187,4,,,,,,,,,,,,,
CCC(C)CO,1.342762848,4,,,,,,,,,,,,,
N#Cc1ccccc1,1.093582411,4,,,,,,,,,,,,,
CCOP(=S)(OCC)Oc1cc(C)nc(n1)C(C)C,-0.147618252,4,,,,,,,,,,,,,
CCCCCCCCCC(C)O,0.181487985,4,,,,,,,,,,,,,
Clc1ccc(c(Cl)c1)c2c(Cl)ccc(Cl)c2Cl,-1.929493446,4,,,,,,,,,,,,,
O=c2[nH]c1CCCc1c(=O)n2C3CCCCC3,-0.596143037,4,,,,,,,,,,,,,
CCOP(=S)(OCC)SCSCC,-0.368589582,4,,,,,,,,,,,,,
CCOc1ccc(NC(=O)C)cc1,0.458877527,4,,,,,,,,,,,,,
CCN(CC)c1c(cc(c(N)c1N(=O)=O)C(F)(F)F)N(=O)=O,-1.007995984,4,,,,,,,,,,,,,
CCCCCCCO,0.712759481,4,,,,,,,,,,,,,
Cn1c(=O)n(C)c2nc[nH]c2c1=O,0.910223223,4,,,,,,,,,,,,,
CCCCC1(CC)C(=O)NC(=O)NC1=O,0.782812094,4,,,,,,,,,,,,,
ClC(Cl)=C(c1ccc(Cl)cc1)c2ccc(Cl)cc2,-1.68031301,4,,,,,,,,,,,,,
CCCCCCCC(=O)OC,0.073353079,4,,,,,,,,,,,,,
CCc1ccc(CC)cc1,-0.199334946,4,,,,,,,,,,,,,
CCOP(=S)(OCC)SCSC(C)(C)C,-0.671837471,4,,,,,,,,,,,,,
COC(=O)Nc1cccc(OC(=O)Nc2cccc(C)c2)c1,-0.695345059,4,,,,,,,,,,,,,
ClC(=C)Cl,0.792685281,4,,,,,,,,,,,,,
Cc1cccc2c1Cc3ccccc32,-0.890458042,4,,,,,,,,,,,,,
CCCCC=O,1.164105176,4,,,,,,,,,,,,,
N(c1ccccc1)c2ccccc2,-0.083677611,4,,,,,,,,,,,,,
CN(C)C(=O)SCCCCOc1ccccc1,-0.282551809,4,,,,,,,,,,,,,
CCCOP(=S)(OCCC)SCC(=O)N1CCCCC1C,-0.387395652,4,,,,,,,,,,,,,
CCCCCCCI,-0.697695818,4,,,,,,,,,,,,,
c1c(Cl)cccc1c2ccccc2,-0.730606442,4,,,,,,,,,,,,,
OCCCC=C,1.493211413,4,,,,,,,,,,,,,
O=C2NC(=O)C1(CCC1)C(=O)N2,0.785633005,4,,,,,,,,,,,,,
CC(C)C1CCC(C)CC1O,0.374250209,4,,,,,,,,,,,,,
CC(C)OC=O,1.267538565,4,,,,,,,,,,,,,
CCCCCC(C)O,0.83499894,4,,,,,,,,,,,,,
CC(=O)Nc1ccc(Br)cc1,0.114256282,4,,,,,,,,,,,,,
c1ccccc1n2ncc(N)c(Br)c2(=O),0.093569605,4,,,,,,,,,,,,,
COC(=O)C1=C(C)NC(=C(C1c2ccccc2N(=O)=O)C(=O)OC)C,-0.67418823,4,,,,,,,,,,,,,
c2c(C)cc1nc(C)ccc1c2,0.651639751,4,,,,,,,,,,,,,
Cc1cc(=O)ccn1C,0.327111881,5,,,,,,,,,,,,,
O=C1OC2CC1OC2=O,-2.168772458,5,,,,,,,,,,,,,
CCC(C#N)C(=O)OC,-0.682712796,5,,,,,,,,,,,,,
CCc1oc(C)nc1N,-0.142062812,5,,,,,,,,,,,,,
C#CC1CCC1C(C)O,0.734223739,5,,,,,,,,,,,,,
OCC1CCCC1CO,-0.309823564,5,,,,,,,,,,,,,
OC1C2C3C4N3C2C14O,-0.646103461,5,,,,,,,,,,,,,
CN=C(N)c1conn1,-0.981252841,5,,,,,,,,,,,,,
CC1C2C(N2C)C12CO2,0.298212968,5,,,,,,,,,,,,,
C#CCC1CC2OC12C,0.767371068,5,,,,,,,,,,,,,
CC(O)COC(=O)CO,-2.265703153,5,,,,,,,,,,,,,
CC(=O)C12CC(O)(C1)C2,-0.243810719,5,,,,,,,,,,,,,
O=COC12CC=CC1C2,-0.212327611,5,,,,,,,,,,,,,
O=C1COCC(CO)C1,-1.255068127,5,,,,,,,,,,,,,
C#CC1CC(O)(C#N)C1,0.362455776,5,,,,,,,,,,,,,
C#CC12CC1(O)C(=O)N2,-0.614496312,5,,,,,,,,,,,,,
CC(C)OC(C)C(C)C,0.634688176,5,,,,,,,,,,,,,
COC12CCC(CC1)C2,0.699865918,5,,,,,,,,,,,,,
CCC1(CC(C)C)CO1,0.667863795,5,,,,,,,,,,,,,
C1OCC2C3C(CN23)O1,-0.679744236,5,,,,,,,,,,,,,
CC(CO)C1CC2NC21,0.26495003,5,,,,,,,,,,,,,
C1=CC2(CC1)OC1CC12,0.766434774,5,,,,,,,,,,,,,
CC1=CCn2cccc21,1.337425379,5,,,,,,,,,,,,,
COC1(C)C=CC(O)C1,-0.277160975,5,,,,,,,,,,,,,
O=Cc1cc(O)[nH]c1O,-1.627532463,5,,,,,,,,,,,,,
O=C1C2OCC2C12CN2,-0.647158629,5,,,,,,,,,,,,,
CCC(C#N)N(C)C,1.872801973,5,,,,,,,,,,,,,
CC1=CC2NC2C1=NO,-0.106478995,5,,,,,,,,,,,,,
CC1C2CC1C21COC1,0.735042249,5,,,,,,,,,,,,,
OC1CCC12OCC2O,-1.253726794,5,,,,,,,,,,,,,
C#CC1(C)CC(CO)O1,-0.243090408,5,,,,,,,,,,,,,
CC(=O)C12CC1N(C)C2,0.296858306,5,,,,,,,,,,,,,
O=COC1CCC12CC2,-0.244479889,5,,,,,,,,,,,,,
CC12CC1CC21CO1,1.802894338,5,,,,,,,,,,,,,
C#Cc1c(O)n[nH]c1N,-0.512009326,5,,,,,,,,,,,,,
CN1CC(=O)COC1=O,-1.660428717,5,,,,,,,,,,,,,
CC1CCC1(C)NC=O,0.262841599,5,,,,,,,,,,,,,
O=C1C=CCCN1,2.432097873,5,,,,,,,,,,,,,
CCC1(C)C(C#N)N1C,0.837118756,5,,,,,,,,,,,,,
C#CC(C)(O)C(C)(C)C,0.701112588,5,,,,,,,,,,,,,
OC12C=CCOC(C1)C2,-0.243982636,5,,,,,,,,,,,,,
O=C1CCN1CC1CO1,-0.681252862,5,,,,,,,,,,,,,
CCOCc1cn[nH]c1,-0.14097201,5,,,,,,,,,,,,,
Oc1c[nH]cc1O,1.455418349,5,,,,,,,,,,,,,
C#CCNC(C#C)C#N,0.937241883,5,,,,,,,,,,,,,
C1COC(C2CO2)=N1,0.387622568,5,,,,,,,,,,,,,
CCC1CC12CCC2=O,0.732814129,5,,,,,,,,,,,,,
CC1=CC2CC1NC2=O,0.32765565,5,,,,,,,,,,,,,
CCC1CCNC(=O)N1,-0.175036321,5,,,,,,,,,,,,,
NC(=O)C1C2OC(=O)C21,-1.62693565,5,,,,,,,,,,,,,
S(=O)(Cc1ncc(C)c(OC)c1C)c1[nH]c2c(n1)cc(OC)cc2,0.1887506,6,,,,,,,,,,,,,
[Tc-]12(SCC[N+]1(CCS2)CCN(CC)CC)(Sc1ccc(cc1)C(C)C)[OH2+],0.489345004,6,,,,,,,,,,,,,
Clc1sc(cc1)-c1sc(S(=O)(=O)N[C@H]2CCN([C@H](C(=O)N3CCOCC3)C)C2=O)cc1,0.035617601,6,,,,,,,,,,,,,
Clc1ccc2OCOc2c1Nc1ncnc2c1c(OC1CCN(CC1)C)cc(OC)c2,0.529046152,6,,,,,,,,,,,,,
s1c2c(nc1O)c(O)ccc2CCNCCCS(=O)(=O)NCCOCCc1cc(ccc1)C(F)(F)F,0.370241561,6,,,,,,,,,,,,,
O1[C@H]2[C@@]34[C@@H]([C@@H](N(CC3)C)Cc3c4c1c(O)cc3)C=C[C@H]2O,-1.149745239,6,,,,,,,,,,,,,
c12c(cccc1)cccc2,0.795611001,6,,,,,,,,,,,,,
O1C(=O)c2c(N=C1NCc1ccccc1)cccc2,0.472330227,6,,,,,,,,,,,,,
O1C(=O)c2c(N=C1N[C@@H]([C@H](CC)C)C(OC)=O)cccc2,0.358898376,6,,,,,,,,,,,,,
O(C)c1ccc(cc1)/C(=N/O)/Nc1cc(ccc1)C#N,0.251138118,6,,,,,,,,,,,,,
O\N=C(/Nc1ccccc1)\c1ccccc1-c1ccccc1,1.334412292,6,,,,,,,,,,,,,
OC=1C(=O)C=CN(CCCN)C=1C,-2.306750117,6,,,,,,,,,,,,,
O\N=C(\NC1CCCCC1)/c1c2c(ccc1)cccc2,1.39679981,6,,,,,,,,,,,,,
Clc1ccc(cc1)-c1c(nc(nc1N)N)CC,0.268152895,6,,,,,,,,,,,,,
OC=1C(=O)C=CN(CCCC)C=1C,-0.718704206,6,,,,,,,,,,,,,
Fc1cc(N\C(=N/O)\c2ccc(OC)cc2)ccc1,0.63680641,6,,,,,,,,,,,,,
S(Cc1nc[nH]c1C)CC\N=C(\NC#N)/NC,-0.92855313,6,,,,,,,,,,,,,
Clc1cc2c(-n3c(CN=C2c2ccccc2F)cnc3C)cc1,0.30218245,6,,,,,,,,,,,,,
n1cccnc1Cc1cc(ccc1)C(N)=N,-1.699889716,6,,,,,,,,,,,,,
FC(F)(F)c1ccc(OC(CCNC)c2ccccc2)cc1,0.495016597,6,,,,,,,,,,,,,
[Na+].Fc1ccc(cc1)-c1n(\C=C\[C@@H](O)C[C@@H](O)CC(=O)[O-])c(nc1-c1cc(NC)ccc1)C(C)C,-1.144073647,6,,,,,,,,,,,,,
O1C(=Nc2c(cc(cc2)C)C1=O)C,-0.094829027,6,,,,,,,,,,,,,
s1cc(nc1N=C(N)N)CSCCN\C(=N\C)\NC#N,-0.792434909,6,,,,,,,,,,,,,
O1C(C=CC1N1C=C(C)C(=O)NC1=O)CO,-1.524070347,6,,,,,,,,,,,,,
Fc1cc(N(Cc2cc(OC)ccc2OC)C(=O)C)c(Oc2ccccc2)cc1,0.954415592,6,,,,,,,,,,,,,
O(COC)C1CCN(CC1)C(=O)[C@@H](N[C@@H](CCCC)C(=O)N[C@H]([C@@H](O)C[C@@H](C(C)C)C(=O)NCCCNCCO)CC1CCCCC1)Cc1ccccc1,0.869341704,6,,,,,,,,,,,,,
o1cc(nc1-c1ccc(Oc2ccccc2)cc1)CNC(CCCCC)C,1.532918031,6,,,,,,,,,,,,,
s1cc(nc1)-c1[nH]c2c(n1)cccc2,-0.015426732,6,,,,,,,,,,,,,
OC=1C(=O)C=CN(CCC(O)=O)C=1C,-2.771820705,6,,,,,,,,,,,,,
Clc1cc2OCOc2cc1COC(=O)N1CCC2(N(CN(CC(=O)NC)C2=O)c2ccccc2)CC1,0.642478003,6,,,,,,,,,,,,,
O1C(=O)c2c(N=C1NCCC)cccc2,0.245466525,6,,,,,,,,,,,,,
O\N=C(/NC1CCCCC1)\c1ccc(cc1)CC,1.493216883,6,,,,,,,,,,,,,
N(CCC=C1c2c(CCc3c1cccc3)cccc2)(C)C,0.472330227,6,,,,,,,,,,,,,
Clc1cc2NC3=C(C(=O)c2cc1)C(=O)N(NC3=O)C(C)c1ccc(cc1)C(OC)=O,-0.378408654,6,,,,,,,,,,,,,
O=C1N(N(C)C(=C1)C)c1ccccc1,-0.888851983,6,,,,,,,,,,,,,
O=C1CC[C@@]2([C@@H]3[C@H]([C@@H]4CC[C@H](O)[C@]4(CC3)C)CCC2=C1)C,0.750238261,6,,,,,,,,,,,,,
o1c(nc(CNCCC2N(CCC2)C)c1C)-c1cc(ccc1)C,0.755909853,6,,,,,,,,,,,,,
O1[C@@H](CC)[C@](O)(C)[C@H](O)[C@H](C)\C(=N\OCOCCOC)\[C@@H](C[C@](O)(C)[C@H](O[C@H]2O[C@@H](C[C@@H](N(C)C)[C@H]2O)C)[C@@H](C)[C@@H](O[C@@H]2O[C@H](C)[C@@H](O)[C@@](OC)(C2)C)[C@H](C)C1=O)C,-0.026769917,6,,,,,,,,,,,,,
Clc1cc(F)c(Nc2ncnc3c2cc(OC)c(OCCCN2CCOCC2)c3)cc1,0.812625779,6,,,,,,,,,,,,,
O(Cc1ccccc1)c1ccc(NC(Nc2ccc(cc2)C(C)(C)C)=N)cc1,0.846655334,6,,,,,,,,,,,,,
O(C)c1ccc(cc1)C(=O)c1cc(n(c1)CC(O)=O)C(=O)c1ccccc1,-1.047656574,6,,,,,,,,,,,,,
S(C)c1cc2c(N=CN(\C=C\C(O)=O)C2=O)cc1,-1.711232901,6,,,,,,,,,,,,,
[Tc-]12(SCC[N+]1(CCS2)CCN(CC)CC)(Sc1cc(OC)ccc1)[OH2+],0.347555191,6,,,,,,,,,,,,,
O(CCC1N(CCCC1)C(=O)[C@H](NCC(O)=O)CC1CCCCC1)C1CCN(CC1)C(N)=N,-1.002283833,6,,,,,,,,,,,,,
O(CC(O)CNCCC)c1ccccc1C(=O)CCc1ccccc1,-0.089157435,6,,,,,,,,,,,,,
O=C(c1ccccc1)c1ccccc1,0.642478003,6,,,,,,,,,,,,,
O1[C@H](/C(=C/[C@H]2C[C@@H](OC)[C@H](O)CC2)/C)[C@H](C)[C@@H](O)CC(=O)[C@@H](\C=C(\C[C@@H](C[C@H](OC)[C@H]2O[C@](O)([C@@H](C[C@@H]2OC)C)C(=O)C(=O)N2[C@@H](CCCC2)C1=O)C)/C)CC,1.277696367,6,,,,,,,,,,,,,
s1c2c(nc1O)c(O)ccc2CCNCCS(=O)(=O)CCCOCCc1ncc(cc1)C,-0.230947248,6,,,,,,,,,,,,,
[Tc-]12(SCC[N+]1(CCS2)CCN(CC)CC)(Sc1cc(C)c(cc1)C)[OH2+],0.387256339,6,,,,,,,,,,,,,
OC=1C(=O)C=CN(CC)C=1C(O)C,-1.433324866,6,,,,,,,,,,,,,
OCC3OC(OCC2OC(OC(C#N)c1ccccc1)C(O)C(O)C2O)C(O)C(O)C3O ,4.499166473,7,,,,,,,,,,,,,
Cc1occc1C(=O)Nc2ccccc2,0.278983416,7,,,,,,,,,,,,,
CC(C)=CCCC(C)=CC(=O),-0.384572354,7,,,,,,,,,,,,,
c1ccc2c(c1)ccc3c2ccc4c5ccccc5ccc43,-0.834588126,7,,,,,,,,,,,,,
c1ccsc1,-0.834588126,7,,,,,,,,,,,,,
c2ccc1scnc1c2 ,-0.494769537,7,,,,,,,,,,,,,
Clc1cc(Cl)c(c(Cl)c1)c2c(Cl)cccc2Cl,-0.834588126,7,,,,,,,,,,,,,
CC12CCC3C(CCc4cc(O)ccc34)C2CCC1O,0.232057342,7,,,,,,,,,,,,,
ClC4=C(Cl)C5(Cl)C3C1CC(C2OC12)C3C4(Cl)C5(Cl)Cl,-0.504260204,7,,,,,,,,,,,,,
COc5cc4OCC3Oc2c1CC(Oc1ccc2C(=O)C3c4cc5OC)C(C)=C ,0.832078372,7,,,,,,,,,,,,,
O=C1CCCN1,-0.067425913,7,,,,,,,,,,,,,
Clc1ccc2ccccc2c1,-0.834588126,7,,,,,,,,,,,,,
CCCC=C,-0.834588126,7,,,,,,,,,,,,,
CCC1(C(=O)NCNC1=O)c2ccccc2,0.699736299,7,,,,,,,,,,,,,
CCCCCCCCCCCCCC,-0.834588126,7,,,,,,,,,,,,,
CC(C)Cl,-0.834588126,7,,,,,,,,,,,,,
CCC(C)CO,-0.301265392,7,,,,,,,,,,,,,
N#Cc1ccccc1,-0.207413245,7,,,,,,,,,,,,,
CCOP(=S)(OCC)Oc1cc(C)nc(n1)C(C)C,0.575039486,7,,,,,,,,,,,,,
CCCCCCCCCC(C)O,-0.301265392,7,,,,,,,,,,,,,
Clc1ccc(c(Cl)c1)c2c(Cl)ccc(Cl)c2Cl ,-0.834588126,7,,,,,,,,,,,,,
O=c2[nH]c1CCCc1c(=O)n2C3CCCCC3,0.611684004,7,,,,,,,,,,,,,
CCOP(=S)(OCC)SCSCC,-0.347927836,7,,,,,,,,,,,,,
CCOc1ccc(NC(=O)C)cc1,0.175904232,7,,,,,,,,,,,,,
CCN(CC)c1c(cc(c(N)c1N(=O)=O)C(F)(F)F)N(=O)=O,2.211388576,7,,,,,,,,,,,,,
CCCCCCCO,-0.301265392,7,,,,,,,,,,,,,
Cn1c(=O)n(C)c2nc[nH]c2c1=O,1.081471998,7,,,,,,,,,,,,,
CCCCC1(CC)C(=O)NC(=O)NC1=O,1.149752071,7,,,,,,,,,,,,,
ClC(Cl)=C(c1ccc(Cl)cc1)c2ccc(Cl)cc2,-0.834588126,7,,,,,,,,,,,,,
CCCCCCCC(=O)OC,-0.141242209,7,,,,,,,,,,,,,
CCc1ccc(CC)cc1,-0.834588126,7,,,,,,,,,,,,,
CCOP(=S)(OCC)SCSC(C)(C)C,-0.347927836,7,,,,,,,,,,,,,
COC(=O)Nc1cccc(OC(=O)Nc2cccc(C)c2)c1,1.186396589,7,,,,,,,,,,,,,
ClC(=C)Cl,-0.834588126,7,,,,,,,,,,,,,
Cc1cccc2c1Cc3ccccc32,-0.834588126,7,,,,,,,,,,,,,
CCCCC=O,-0.384572354,7,,,,,,,,,,,,,
N(c1ccccc1)c2ccccc2,-0.517441685,7,,,,,,,,,,,,,
CN(C)C(=O)SCCCCOc1ccccc1,-0.05582621,7,,,,,,,,,,,,,
CCCOP(=S)(OCCC)SCC(=O)N1CCCCC1C,0.187503935,7,,,,,,,,,,,,,
CCCCCCCI,-0.834588126,7,,,,,,,,,,,,,
c1c(Cl)cccc1c2ccccc2,-0.834588126,7,,,,,,,,,,,,,
OCCCC=C,-0.301265392,7,,,,,,,,,,,,,
O=C2NC(=O)C1(CCC1)C(=O)N2,1.149752071,7,,,,,,,,,,,,,
CC(C)C1CCC(C)CC1O ,-0.301265392,7,,,,,,,,,,,,,
CC(C)OC=O,-0.141242209,7,,,,,,,,,,,,,
CCCCCC(C)O,-0.301265392,7,,,,,,,,,,,,,
CC(=O)Nc1ccc(Br)cc1,-0.067425913,7,,,,,,,,,,,,,
c1ccccc1n2ncc(N)c(Br)c2(=O),0.771179928,7,,,,,,,,,,,,,
COC(=O)C1=C(C)NC(=C(C1c2ccccc2N(=O)=O)C(=O)OC)C ,2.006548357,7,,,,,,,,,,,,,
c2c(C)cc1nc(C)ccc1c2 ,-0.494769537,7,,,,,,,,,,,,,
O=[N+]([O-])c1ccc([N+](=O)[O-])cc1,1.217886857,8,,,,,,,,,,,,,
CCc1ccccc1,0.264926846,8,,,,,,,,,,,,,
C=Cc1ccccc1,0.158602132,8,,,,,,,,,,,,,
ClCc1ccccc1,0.566070134,8,,,,,,,,,,,,,
CNc1ccccc1,-0.340661741,8,,,,,,,,,,,,,
ON=C1CCCCC1,-0.534819914,8,,,,,,,,,,,,,
N#Cc1ccccn1,-0.917192642,8,,,,,,,,,,,,,
CCc1ccccn1,-0.748129743,8,,,,,,,,,,,,,
CC1(C)OCC(CO)O1,-1.748638695,8,,,,,,,,,,,,,
C1N2CN3CN1CN(C2)C3,-2.04515917,8,,,,,,,,,,,,,
CCOc1ccc(C=O)cc1,0.125582035,8,,,,,,,,,,,,,
O=C(Nc1ccc(Cl)cc1)Nc1ccc(Cl)c(Cl)c1,1.974047088,8,,,,,,,,,,,,,
c1ccc(Oc2ccccc2)cc1,0.715320975,8,,,,,,,,,,,,,
S=C(Nc1ccccc1)Nc1ccccc1,0.354081109,8,,,,,,,,,,,,,
CCNc1cccc(C)c1,-0.07253855,8,,,,,,,,,,,,,
OCCN(CCO)CCO,-1.613916698,8,,,,,,,,,,,,,
Cc1c([N+](=O)[O-])ccc(N)c1[N+](=O)[O-],0.464368234,8,,,,,,,,,,,,,
N#CC(Br)(Br)C(N)=O,1.044861547,8,,,,,,,,,,,,,
CC(C)(O)CCc1ccccc1,-0.100935834,8,,,,,,,,,,,,,
OCCN1CCNCC1,-1.477873896,8,,,,,,,,,,,,,
CCCCCCCCCc1ccc(O)cc1,1.562616675,8,,,,,,,,,,,,,
CCCCCCCC1CCC(=O)O1,-0.960118769,8,,,,,,,,,,,,,
CCCCC(CC)CO,0.078033094,8,,,,,,,,,,,,,
O=Cc1ccc(Cl)cc1,0.831551717,8,,,,,,,,,,,,,
CCc1ccc(C)nc1,-0.245563861,8,,,,,,,,,,,,,
CCN(CC)CCCC(C)=O,-0.578406443,8,,,,,,,,,,,,,
CCOC(=O)CC(=O)OCC,0.31049458,8,,,,,,,,,,,,,
CCCCOC(=O)/C=C/C(=O)OCCCC,1.305059915,8,,,,,,,,,,,,,
CCCCOC(=O)CCCCC(=O)OCCCC,0.861930207,8,,,,,,,,,,,,,
CC(C)=CCC/C(C)=C/CO,0.686923691,8,,,,,,,,,,,,,
Brc1ccc(Br)cc1,1.147884251,8,,,,,,,,,,,,,
Nc1ccc(Br)cc1,0.00869089,8,,,,,,,,,,,,,
Cc1ccc(O)cc1,0.079353898,8,,,,,,,,,,,,,
Oc1ccc(Cl)cc1,0.603052643,8,,,,,,,,,,,,,
C=CC(=O)OCC(C)C,0.81900408,8,,,,,,,,,,,,,
C=CC=O,1.830079464,8,,,,,,,,,,,,,
C=CCCl,0.000105664,8,,,,,,,,,,,,,
ClCCCl,-0.429155602,8,,,,,,,,,,,,,
CCCN,-0.833981997,8,,,,,,,,,,,,,
CCC#N,-1.312113007,8,,,,,,,,,,,,,
C=CC#N,0.015294909,8,,,,,,,,,,,,,
N#CCCl,0.793908806,8,,,,,,,,,,,,,
NCCN,-0.640484226,8,,,,,,,,,,,,,
C=CCO,1.131374202,8,,,,,,,,,,,,,
C#CCO,0.672394848,8,,,,,,,,,,,,,
OCCO,-2.317244773,8,,,,,,,,,,,,,
O=CC=O,-0.736242508,8,,,,,,,,,,,,,
C/C=N/O,-0.432457612,8,,,,,,,,,,,,,
CC(O)CC(C)(C)O,-1.652880413,8,,,,,,,,,,,,,
CC(C)(C)CC(C)(C)N,0.115015603,8,,,,,,,,,,,,,
NCC[C@H](NCc1ccccc1)C(=O)N1CCCCC1,-3.355720876,9,,,,,,,,,,,,,
NC(N)=NCC[C@H](N)C(=O)N1CCCCC1,-3.134319352,9,,,,,,,,,,,,,
N#C[C@@H]1CCCN1C(=O)CN[C@H]1C[C@H]2C[C@@H](OC(=O)Nc3ccccc3)C[C@H]2C1,-0.065638253,9,,,,,,,,,,,,,
CO[C@H]1C[C@@H]2C[C@H](NCC(=O)N3CCC[C@H]3C#N)C[C@@H]2C1,0.481493091,9,,,,,,,,,,,,,
CO[C@H]1C[C@@H]2C[C@@H](NCC(=O)N3CCC[C@H]3C#N)C[C@@H]2C1,0.481493091,9,,,,,,,,,,,,,
CC(C)(CC(=O)N1CCCC1)NCC(=O)N1C[C@@H](F)C[C@H]1C#N,1.096633238,9,,,,,,,,,,,,,
CC(C)(CC(=O)N1CC[C@@H](O)C1)NCC(=O)N1C[C@@H](F)C[C@H]1C#N,0.443061211,9,,,,,,,,,,,,,
CC(C)(CC(=O)N1CC[C@@H](F)C1)NCC(=O)N1C[C@@H](F)C[C@H]1C#N,0.34735978,9,,,,,,,,,,,,,
CO[C@@H]1C[C@@H]2C[C@H](NCC(=O)N3CCC[C@H]3C#N)C[C@@H]2C1,0.925192132,9,,,,,,,,,,,,,
CCO[C@@H]1C[C@@H]2C[C@H](NCC(=O)N3CCC[C@H]3C#N)C[C@@H]2C1,0.196355694,9,,,,,,,,,,,,,
N#C[C@@H]1CCCN1C(=O)CN[C@@H]1C[C@@H]2CN(C(=O)N3CCCC3)C[C@@H]2C1,0.34735978,9,,,,,,,,,,,,,
N#C[C@@H]1CCCN1C(=O)CN[C@@H]1C[C@@H]2CN(C(=O)N3CCCCC3)C[C@@H]2C1,0.139244703,9,,,,,,,,,,,,,
CN(C)C(=O)O[C@@H]1C[C@@H]2C[C@H](NCC(=O)N3CCC[C@H]3C#N)C[C@@H]2C1,0.161028219,9,,,,,,,,,,,,,
C#C[C@@H]1C[C@H](F)CN1C(=O)CC(C)(C)CC(=O)N[C@H]1C[C@@H]1c1cccc(Cl)c1,-0.775439129,9,,,,,,,,,,,,,
COC(=O)N1C[C@H]2C[C@@H](NCC(=O)N3CCC[C@H]3C#N)C[C@H]2C1,0.524456278,9,,,,,,,,,,,,,
N#C[C@@H]1CCCN1C(=O)CN[C@@H]1C[C@@H]2CN(C(=O)CO)C[C@@H]2C1,0.721063603,9,,,,,,,,,,,,,
CN(C)C(=O)N1C[C@H]2C[C@@](C)(NCC(=O)N3CCC[C@H]3C#N)C[C@H]2C1,0.748095634,9,,,,,,,,,,,,,
CC(C)NC(=O)O[C@@H]1C[C@@H]2C[C@H](NCC(=O)N3CCC[C@H]3C#N)C[C@@H]2C1,-0.256166012,9,,,,,,,,,,,,,
CC(C)(C)NC(=O)O[C@@H]1C[C@@H]2C[C@H](NCC(=O)N3CCC[C@H]3C#N)C[C@@H]2C1,-0.427159827,9,,,,,,,,,,,,,
CC(C)(CC(=O)NC1CCCC1)NCC(=O)N1C[C@@H](F)C[C@H]1C#N,0.455427327,9,,,,,,,,,,,,,
CC(C)(CC(=O)N1CCCCC1)NCC(=O)N1C[C@@H](F)C[C@H]1C#N,0.481493091,9,,,,,,,,,,,,,
CC(C)(CC(=O)N1CC=CCC1)NCC(=O)N1C[C@@H](F)C[C@H]1C#N,0.629392772,9,,,,,,,,,,,,,
CC(C)(CC(=O)Nc1ccccn1)NCC(=O)N1C[C@@H](F)C[C@H]1C#N,0.524456278,9,,,,,,,,,,,,,
CC(C)(CC(=O)N1CCC(=O)CC1)NCC(=O)N1C[C@@H](F)C[C@H]1C#N,0.495259461,9,,,,,,,,,,,,,
CC(C)(CC(=O)N1CCOCC1)NCC(=O)N1C[C@@H](F)C[C@H]1C#N,0.590960891,9,,,,,,,,,,,,,
CC(C)NC(=O)N1C[C@H]2C[C@@H](NCC(=O)N3CCC[C@H]3C#N)C[C@H]2C1,-0.062611136,9,,,,,,,,,,,,,
COc1ccc(NC(=O)CC(C)(C)NCC(=O)N2C[C@@H](F)C[C@H]2C#N)nc1,0.609670915,9,,,,,,,,,,,,,
C[C@@H]1CCCN1C(=O)CC(C)(C)NCC(=O)N1C[C@@H](F)C[C@H]1C#N,0.419519786,9,,,,,,,,,,,,,
CC(C)(CC(=O)N1CCSC1)NCC(=O)N1C[C@@H](F)C[C@H]1C#N,0.481493091,9,,,,,,,,,,,,,
CC(C)(CC(=O)N1CCN(S(C)(=O)=O)CC1)NCC(=O)N1C[C@@H](F)C[C@H]1C#N,0.524456278,9,,,,,,,,,,,,,
CN1CCN(C(=O)CC(C)(C)NCC(=O)N2C[C@@H](F)C[C@H]2C#N)CC1,0.030364761,9,,,,,,,,,,,,,
CCOC(=O)N1CCN(C(=O)CC(C)(C)NCC(=O)N2C[C@@H](F)C[C@H]2C#N)CC1,0.172428069,9,,,,,,,,,,,,,
CC(C)(CC(=O)N1CCCCCC1)NCC(=O)N1C[C@@H](F)C[C@H]1C#N,-0.16754763,9,,,,,,,,,,,,,
CN(C)C(=O)N1C[C@H]2C[C@H](NCC(=O)N3CCC[C@H]3C#N)C[C@H]2C1,0.071860077,9,,,,,,,,,,,,,
O=C([C@@H]1CCCN1C(=O)OCc1ccccc1)N1CCCC1,-2.515817288,9,,,,,,,,,,,,,
Nc1ncnc2c1ncn2[C@@H]1O[C@H](CO)[C@@H](O)[C@@H]1O,0.178264442,9,,,,,,,,,,,,,
Cc1cccc(C)c1N1C(=O)c2ccc([N+](=O)[O-])cc2C1=O,-2.959516328,9,,,,,,,,,,,,,
O=C([C@@H]1CCCN1)N1CCCC1P(=O)(Oc1ccccc1)Oc1ccccc1,-1.82381338,9,,,,,,,,,,,,,
CS(=O)(=O)c1ccc(-c2noc([C@@H](CC3CC3)[C@H](N)C(F)=C3CCCC3)n2)c(Cl)c1,0.777292452,9,,,,,,,,,,,,,
N[C@H]1Cn2c(nc3cnccc32)C[C@@H]1c1cc(F)c(F)cc1F,0.149973874,9,,,,,,,,,,,,,
CS(=O)(=O)c1ccc2c(c1)nc1n2C[C@H](N)[C@@H](c2cc(F)c(F)cc2F)C1,0.32032775,9,,,,,,,,,,,,,
CCCCN1CCN(CCNCC(=O)N2CCC[C@@H]2C#N)C1=O,0.23205011,9,,,,,,,,,,,,,
N#C[C@H]1CCCN1C(=O)CNCCN1CCN(c2ccccc2)C1=O,0.388922714,9,,,,,,,,,,,,,
N#C[C@H]1CCCN1C(=O)CNCCN1CCN(c2ccccc2F)C1=O,-0.101771819,9,,,,,,,,,,,,,
Cc1ccc(N2CCN(CCNCC(=O)N3CCC[C@@H]3C#N)C2=O)cc1,0.451673275,9,,,,,,,,,,,,,
N#C[C@H]1CCCN1C(=O)CNCCN1CCN(c2ccc(F)cc2)C1=O,0.299237165,9,,,,,,,,,,,,,
N#C[C@H]1CCCN1C(=O)CNCCN1CCN(c2cccc(F)c2)C1=O,0.189617601,9,,,,,,,,,,,,,
CC(C)(C)N1CCN(CCNCC(=O)N2CCC[C@@H]2C#N)C1=O,0.144033816,9,,,,,,,,,,,,,
CC(C)N1CCN(CCNCC(=O)N2CCC[C@@H]2C#N)C1=O,0.273143136,9,,,,,,,,,,,,,
N#C[C@H]1CCCN1C(=O)CNCCN1CCN(C2CCCCC2)C1=O,0.141365439,9,,,,,,,,,,,,,
CCCCCCCCCCCCCCCCCC1=NCCN1,-0.551382284,10,,,,,,,,,,,,,
CC(C)OP(=S)(OC(C)C)SCn1ncccc1=O,1.46627534,10,,,,,,,,,,,,,
COc1ccc(N)c([N+](=O)[O-])c1,-1.561873088,10,,,,,,,,,,,,,
O=S(=O)(Cl)c1ccccc1,-0.587946096,10,,,,,,,,,,,,,
CCOC(=S)SCSSCP(=O)(OCC)OCC,2.119991978,10,,,,,,,,,,,,,
O=C1CCc2cc(/C=C/CN3CCN(c4ccc(Cl)cc4)CC3)ccc2N1,0.440272616,10,,,,,,,,,,,,,
CCCN(N=O)C(N)=O,-0.055000837,10,,,,,,,,,,,,,
OCCN1CCN(CCCN2c3ccccc3C=Cc3ccccc32)CC1,0.032530713,10,,,,,,,,,,,,,
CC1CC2OC2CC1COC(=O)CCCCC(=O)OCC1CC2OC2CC1C,-0.577974148,10,,,,,,,,,,,,,
Cc1cccc(I)c1,-0.562462227,10,,,,,,,,,,,,,
CCN(CC)CC1CCCCN1CC(=O)N1c2ccccc2C(=O)Nc2cccnc21,-0.051676854,10,,,,,,,,,,,,,
COP(=S)(OC)Oc1ccc(C#N)cc1Cl,1.061857419,10,,,,,,,,,,,,,
O=[N+]([O-])c1ccc(O)c([N+](=O)[O-])c1,1.443007459,10,,,,,,,,,,,,,
CCCSc1ccc2[nH]c(NC(=O)OC)nc2c1,-0.489334604,10,,,,,,,,,,,,,
Cc1cnccc1N,-0.111508547,10,,,,,,,,,,,,,
CCSC(=O)N1CCCCCC1,0.244157624,10,,,,,,,,,,,,,
CC(C)C(Br)C(=O)OCC(Cl)(Cl)Cl,-0.18463617,10,,,,,,,,,,,,,
CNC(=O)OCc1ccc(Cl)c(Cl)c1,-0.429502911,10,,,,,,,,,,,,,
CCCCOC(=O)c1ccccc1C(=O)OCCOCCOC(=O)c1ccccc1C(=O)OCCCC,-0.903724473,10,,,,,,,,,,,,,
C=CCSP(=O)(NC(=O)CC)OC,0.849122513,10,,,,,,,,,,,,,
CC1=CC(=O)OC1=O,-0.942504273,10,,,,,,,,,,,,,
CCN(CC)CCCl,1.56931881,10,,,,,,,,,,,,,
CC/C(CC(C)CC)=N\O,-1.007875937,10,,,,,,,,,,,,,
CCCCOC(=O)c1ccccc1C(=O)OCCCC,-1.014523903,10,,,,,,,,,,,,,
C1CN2CCN1CC2,-0.738633322,10,,,,,,,,,,,,,
CCCNCCC,0.046934639,10,,,,,,,,,,,,,
COP(=S)(OC)Oc1ccc(C#N)c(C)c1,-0.083808689,10,,,,,,,,,,,,,
CC(=O)Nc1ccc(-c2ccc(N)cc2)cc1,-0.380751162,10,,,,,,,,,,,,,
CCC(Br)(CC)C(=O)OCC(Br)(Br)Br,-0.244467863,10,,,,,,,,,,,,,
C=CCOc1ccccc1C(=O)NCCO,-0.223415971,10,,,,,,,,,,,,,
COc1ccc2ccc(=O)oc2c1CC=C(C)C,-0.621185926,10,,,,,,,,,,,,,
FC(F)(F)c1nc2c(Br)c(Cl)c(Cl)c(Br)c2[nH]1,2.874536097,10,,,,,,,,,,,,,
CN(C)CCCNCCCN(C)C,-0.385183139,10,,,,,,,,,,,,,
Fc1c(Br)c(F)c2nc(C(F)(F)F)[nH]c2c1Br,2.475658149,10,,,,,,,,,,,,,
COc1ccc(-c2ccc(=O)n(CC(=O)N(C)C(C)Cc3ccccc3)n2)cc1,0.043610656,10,,,,,,,,,,,,,
CC(C)/N=c1/cc2n(-c3ccc(Cl)cc3)c3ccccc3nc-2cc1Nc1ccc(Cl)cc1,-0.813976934,10,,,,,,,,,,,,,
NC1CCC2C3CCC(C3N)C12,-0.348619327,10,,,,,,,,,,,,,
CCOP(=S)(Oc1ccc([N+](=O)[O-])cc1)c1ccccc1,2.414718462,10,,,,,,,,,,,,,
CC1=CCC(=O)O1,-1.20177494,10,,,,,,,,,,,,,
COc1ccccc1C=O,-0.830596849,10,,,,,,,,,,,,,
COC(=O)Cl,0.788182827,10,,,,,,,,,,,,,
OCC(F)(F)C(F)(F)C(F)(F)CO,-0.453878786,10,,,,,,,,,,,,,
COCCCNc1nc(NCCCOC)nc(SC)n1,-0.16912425,10,,,,,,,,,,,,,
CCNC(=O)/C=C/c1cccc(Br)c1,-0.806220974,10,,,,,,,,,,,,,
O=Cc1ccccc1O,-0.127020467,10,,,,,,,,,,,,,
CCCCC(CC)COC(=O)c1cccc(C(=O)OCC(CC)CCCC)c1,-1.246094712,10,,,,,,,,,,,,,
CS(=O)(=O)c1ccc(Cl)cc1,0.213133784,10,,,,,,,,,,,,,
CCCCC[C@H](O)/C=C/[C@H]1[C@H](O)C[C@H](O)[C@@H]1C/C=C\CCCC(=O)O,-0.005141094,10,,,,,,,,,,,,,
O=C(O)c1cc(O)c(O)c(OC(=O)c2cc(O)c(O)c(O)c2)c1,-0.36745523,10,,,,,,,,,,,,,
COc1ccc2cc1Oc1ccc(cc1)CC1c3c(cc4c(c3Oc3cc5c(cc3OC)CCN(C)C5C2)OCO4)CCN1C,-0.004033099,10,,,,,,,,,,,,,
c1ccc(cc1)CCO,-1.026195973,11,,,,,,,,,,,,,
CCNc1nc(nc(n1)Cl)NCC,-2.280955772,11,,,,,,,,,,,,,
C1CCOC1,0.188323716,11,,,,,,,,,,,,,
CCc1cccnc1,-0.22139377,11,,,,,,,,,,,,,
C(CBr)Cl,0.744368874,11,,,,,,,,,,,,,
CCCCCC=O,0.429764377,11,,,,,,,,,,,,,
Cc1cccnc1,-0.287241223,11,,,,,,,,,,,,,
COCOC,0.385866075,11,,,,,,,,,,,,,
C[C@@H](c1ccc(c(c1)F)c2ccccc2)C(=O)O,-1.622481242,11,,,,,,,,,,,,,
C(Br)Br,0.740710683,11,,,,,,,,,,,,,
c1c(cc(c(c1Cl)Cl)Cl)Cl,0.865089205,11,,,,,,,,,,,,,
CCCCC(=O)OCC,0.546826515,11,,,,,,,,,,,,,
CCCCCCCCN,0.122476263,11,,,,,,,,,,,,,
Cc1ccc(cc1)N,-0.579896569,11,,,,,,,,,,,,,
CC(C)OC=O,0.718761532,11,,,,,,,,,,,,,
[C@@H](C(F)(F)F)(Cl)Br,1.417476172,11,,,,,,,,,,,,,
COC(c1ccccc1)(OC)OC,-0.020193219,11,,,,,,,,,,,,,
C(Cl)(Cl)(Cl)Cl,1.486981817,11,,,,,,,,,,,,,
C1CCCCC1,1.907673878,11,,,,,,,,,,,,,
CCCC(=O)OCC,0.546826515,11,,,,,,,,,,,,,
C(C(Cl)(Cl)Cl)(Cl)(Cl)Cl,1.223592005,11,,,,,,,,,,,,,
CC1=CC[C@H](C[C@@H]1O)C(=C)C,-0.166520892,11,,,,,,,,,,,,,
Cc1ccc(c(c1)O)C,-0.704275092,11,,,,,,,,,,,,,
C1[C@H]([C@@H]2[C@H]([C@H]1Cl)[C@]3(C(=C([C@@]2(C3(Cl)Cl)Cl)Cl)Cl)Cl)Cl,0.199298291,11,,,,,,,,,,,,,
c1ccc(cc1)Br,0.923620274,11,,,,,,,,,,,,,
CCCI,1.263832115,11,,,,,,,,,,,,,
COc1ccc(cc1)N,-1.27861121,11,,,,,,,,,,,,,
CC1=CC(=O)[C@@H](CC1)C(C)C,-0.192128235,11,,,,,,,,,,,,,
Cc1c(c(=O)n(c(=O)[nH]1)C(C)(C)C)Cl,-2.617509421,11,,,,,,,,,,,,,
CCc1ccncc1,-0.272608455,11,,,,,,,,,,,,,
CC(=O)C1CC1,-0.228710153,11,,,,,,,,,,,,,
Cc1ccccc1C,1.128479017,11,,,,,,,,,,,,,
CS(=O)C,-1.93708574,11,,,,,,,,,,,,,
c1cc(ccc1[N+](=O)[O-])O,-2.434599829,11,,,,,,,,,,,,,
CCN,-0.188470043,11,,,,,,,,,,,,,
CCOP(=S)(OCC)S[C@@H](CCl)N1C(=O)c2ccccc2C1=O,-0.642085831,11,,,,,,,,,,,,,
CCC#N,0.052970618,11,,,,,,,,,,,,,
CCCC(=O)OC,0.422447993,11,,,,,,,,,,,,,
Cc1ccc(c2c1cccc2)C,0.426106185,11,,,,,,,,,,,,,
c1cnccc1C#N,-0.744515202,11,,,,,,,,,,,,,
CCNCC,-0.031167794,11,,,,,,,,,,,,,
Cc1ccccc1Cl,1.040682413,11,,,,,,,,,,,,,
CCCC=O,0.294411279,11,,,,,,,,,,,,,
C1CCC(C1)O,-0.550631035,11,,,,,,,,,,,,,
Cc1ccncc1C,-0.451859855,11,,,,,,,,,,,,,
CCOC=O,0.521219172,11,,,,,,,,,,,,,
c1ccc2c(c1)Oc3cccc(c3O2)Cl,0.170032756,11,,,,,,,,,,,,,
Cc1cccc(c1O)C,-0.466492623,11,,,,,,,,,,,,,
CC(C)CO[N+](=O)[O-],0.769976217,11,,,,,,,,,,,,,
c1ccc(cc1)Oc2ccccc2,0.407815226,11,,,,,,,,,,,,,
Cc1ccccc1C(=O)c1ccccc1,0.98687771,12,,,,,,,,,,,,,
CCCCCCCCOC(=O)CC#N,0.523137934,12,,,,,,,,,,,,,
CC1=CC(=O)c2ccccc2C1=O,1.154613373,12,,,,,,,,,,,,,
CCC(Cl)C(=O)O,-0.712185894,12,,,,,,,,,,,,,
c1ccc2ccccc2c1,-0.483276047,12,,,,,,,,,,,,,
Cc1ccc(O)cc1C,-0.246472757,12,,,,,,,,,,,,,
CCN(C)C,-1.260780182,12,,,,,,,,,,,,,
OCc1cccc(Br)c1,0.000197336,12,,,,,,,,,,,,,
Cc1ccc(O)c(C(C)(C)C)c1,0.917810084,12,,,,,,,,,,,,,
CCCCCCCCC(O)CCC,1.263148214,12,,,,,,,,,,,,,
CCCCCCCC(=O)OC,0.163986278,12,,,,,,,,,,,,,
N#C/C=C/c1ccco1,-0.670745318,12,,,,,,,,,,,,,
Clc1cc(Cl)c(Cl)cc1Cl,1.608486345,12,,,,,,,,,,,,,
CCCCc1ccccc1,0.868476065,12,,,,,,,,,,,,,
O=Cc1ccc(-c2ccccc2)cc1,0.740207616,12,,,,,,,,,,,,,
Nc1cc(Cl)c([N+](=O)[O-])cc1O,0.789541635,12,,,,,,,,,,,,,
Fc1cc(F)c(F)nc1F,-0.96674943,12,,,,,,,,,,,,,
CC(O)Cc1ccccc1,-0.976616234,12,,,,,,,,,,,,,
Oc1ccccc1O,0.375135878,12,,,,,,,,,,,,,
OCCCc1cccnc1,-1.193685916,12,,,,,,,,,,,,,
CC(=S)Nc1ccccc1,-0.374741206,12,,,,,,,,,,,,,
CCOC(=O)CCBr,-0.240552675,12,,,,,,,,,,,,,
CCCCCOC(=O)c1ccccc1,0.98687771,12,,,,,,,,,,,,,
CCOc1cccc2ccccc12,0.868476065,12,,,,,,,,,,,,,
COC(=O)CCCC(=O)OC,-1.517317079,12,,,,,,,,,,,,,
CC(=O)OC1CC2CCC1(C)C2(C)C,0.306068252,12,,,,,,,,,,,,,
OCc1ccc2ccccc2c1,0.019930944,12,,,,,,,,,,,,,
CCC(O)CC,-1.592304787,12,,,,,,,,,,,,,
CCCCCCCCCCO,0.952343897,12,,,,,,,,,,,,,
Cc1cc2ccccc2n1C,0.463937112,12,,,,,,,,,,,,,
NC(=S)c1ccccc1,-0.276073169,12,,,,,,,,,,,,,
C/C=C/C(=O)O,-0.902615206,12,,,,,,,,,,,,,
c1ccc(-c2ccccn2)cc1,-0.098470701,12,,,,,,,,,,,,,
CC(C)(CO)CBr,-0.818747374,12,,,,,,,,,,,,,
O=Cc1ccc(O)c(O)c1,-0.259299602,12,,,,,,,,,,,,,
CCCCCCCCOC(C)=O,0.678046753,12,,,,,,,,,,,,,
COc1cccc(C#N)c1,-0.355007598,12,,,,,,,,,,,,,
C=CC(O)CC,-1.693932866,12,,,,,,,,,,,,,
COc1ccc(Cl)cc1,0.227133822,12,,,,,,,,,,,,,
NCC(O)CN,-1.772867296,12,,,,,,,,,,,,,
O=C(CBr)Nc1cc([N+](=O)[O-])ccc1O,0.493537523,12,,,,,,,,,,,,,
CC(=O)c1c(C)c[nH]c1C,-0.680612122,12,,,,,,,,,,,,,
CCCCOC(C)=O,-0.844401064,12,,,,,,,,,,,,,
Cc1cnccn1,-1.44035601,12,,,,,,,,,,,,,
S=C=Nc1cccc2ccccc12,1.743661556,12,,,,,,,,,,,,,
c1ccc2c(c1)oc1ccccc12,1.036211729,12,,,,,,,,,,,,,
O=Cc1cccc(O)c1O,-0.255352881,12,,,,,,,,,,,,,
O=C1C=CC(=O)c2c(O)cccc21,2.920771242,12,,,,,,,,,,,,,
C#CC(C)O,-0.761519912,12,,,,,,,,,,,,,
CCOC(=O)c1ccc(C)cc1,0.306068252,12,,,,,,,,,,,,,
Cl/C=C/Cl,-1.380620854,13,,,,,,,,,,,,,
CCOC(=O)c1ccccc1C(=O)OCC,-0.753801003,13,,,,,,,,,,,,,
O=[N+]([O-])c1ccc(O)cc1,-0.456886337,13,,,,,,,,,,,,,
OCCCl,-1.420726975,13,,,,,,,,,,,,,
ClC(Cl)(Cl)C(Cl)(Cl)Cl,0.106539968,13,,,,,,,,,,,,,
CCCCNC(N)=S,-0.601138996,13,,,,,,,,,,,,,
Cc1ccc(O)c(C)c1,-0.00860341,13,,,,,,,,,,,,,
Cc1cc([N+](=O)[O-])cc([N+](=O)[O-])c1O,0.008862159,13,,,,,,,,,,,,,
CCCCOCCCC,-0.69752306,13,,,,,,,,,,,,,
Oc1ccc(Br)cc1,-0.203312156,13,,,,,,,,,,,,,
COc1cccc(O)c1,-0.839835101,13,,,,,,,,,,,,,
O=S1OC[C@@H]2[C@H](CO1)C1(Cl)C(Cl)=C(Cl)C2(Cl)C1(Cl)Cl,0.42027333,13,,,,,,,,,,,,,
COc1c(O)cc(Cl)c(Cl)c1Cl,0.462966943,13,,,,,,,,,,,,,
CC1(C)C(C=C2CCCC2)C1C(=O)OCc1coc(Cc2ccccc2)c1,2.190117615,13,,,,,,,,,,,,,
CC/C(=C(/CC)c1ccc(O)cc1)c1ccc(O)cc1,0.382754702,13,,,,,,,,,,,,,
O=[N+]([O-])c1cc(Cl)ccc1Cl,-0.346917942,13,,,,,,,,,,,,,
O=[N+]([O-])c1cc([N+](=O)[O-])c(O)c([N+](=O)[O-])c1,-0.871531873,13,,,,,,,,,,,,,
COc1ccccc1O,-0.710460518,13,,,,,,,,,,,,,
CC(Cl)CCl,-0.952390987,13,,,,,,,,,,,,,
CCOP(=O)(S[C@@H](C)CC)N1CCSC1=O,0.544472929,13,,,,,,,,,,,,,
Clc1ccc(Cl)cc1,-0.419367708,13,,,,,,,,,,,,,
ClC1=C(Cl)C2(Cl)C3C(Cl)C(Cl)CC3C1(Cl)C2(Cl)Cl,1.191345841,13,,,,,,,,,,,,,
Nc1ccccc1,0.410570237,13,,,,,,,,,,,,,
Clc1cc(Cl)c(Cl)c(Cl)c1Cl,-0.067468845,13,,,,,,,,,,,,,
CNc1ccccc1,0.655088197,13,,,,,,,,,,,,,
O=[N+]([O-])c1ccc(Oc2c(Cl)cc(Cl)cc2Cl)cc1,0.710072395,13,,,,,,,,,,,,,
CNC(=O)O/N=C/C(C)(C)S(C)(=O)=O,0.725597344,13,,,,,,,,,,,,,
c1ccc2sccc2c1,-0.919400469,13,,,,,,,,,,,,,
O=[N+]([O-])c1ccc(Cl)cc1Cl,-0.076525065,13,,,,,,,,,,,,,
CCCCCCCCCC,-0.569442224,13,,,,,,,,,,,,,
CCc1ccccc1N,-0.388317809,13,,,,,,,,,,,,,
CNC,-1.179443379,13,,,,,,,,,,,,,
CC1(C)[C@@H](C=C(Br)Br)[C@H]1C(=O)O[C@H](C#N)c1cccc(Oc2ccccc2)c1,3.419176147,13,,,,,,,,,,,,,
ClC1=C(Cl)C2(Cl)C3C4CC(C5OC45)C3C1(Cl)C2(Cl)Cl,1.067146242,13,,,,,,,,,,,,,
ClC1=C(Cl)C2(Cl)C3C4OC4C(Cl)C3C1(Cl)C2(Cl)Cl,0.926127947,13,,,,,,,,,,,,,
Cc1cccc([N+](=O)[O-])c1,-0.453651973,13,,,,,,,,,,,,,
Brc1ccc(Oc2ccccc2)cc1,0.866615639,13,,,,,,,,,,,,,
CNC(=S)NC,-0.632835769,13,,,,,,,,,,,,,
c1ccsc1,-1.523579768,13,,,,,,,,,,,,,
O=[N+]([O-])c1cccc(Cl)c1,-0.607607725,13,,,,,,,,,,,,,
Cc1c(COC(=O)C2C(/C=C(\Cl)C(F)(F)F)C2(C)C)cccc1-c1ccccc1,2.2955579,13,,,,,,,,,,,,,
c1ccc2cc3c(ccc4ccccc43)cc2c1,0.931949803,13,,,,,,,,,,,,,
O=[N+]([O-])OCC(CO[N+](=O)[O-])O[N+](=O)[O-],-0.599845251,13,,,,,,,,,,,,,
Oc1c(Cl)c(Cl)c(Cl)c(Cl)c1Cl,0.481079384,13,,,,,,,,,,,,,
Cc1cc(Cl)ccc1O,0.591047779,13,,,,,,,,,,,,,
OCCNCCO,-1.163271556,13,,,,,,,,,,,,,
C=C(C)C1CC=C(C)CC1,1.206223918,13,,,,,,,,,,,,,
Cc1c([N+](=O)[O-])cc([N+](=O)[O-])cc1[N+](=O)[O-],-0.238890166,13,,,,,,,,,,,,,
CCC(Cl)Cl,-0.703344916,13,,,,,,,,,,,,,
c1ccc2ncccc2c1,-0.806844582,13,,,,,,,,,,,,,
O=[N+]([O-])c1c(O)ccc([N+](=O)[O-])c1,0.507135329,14,,,,,,,,,,,,,
O=[N+]([O-])c1c(CC)cccc1,0.009346245,14,,,,,,,,,,,,,
O=C(OCCCC)CCOCC,0.598565926,14,,,,,,,,,,,,,
Clc1cc(C)c(O[C@@H](C(=O)O)C)cc1,0.213541308,14,,,,,,,,,,,,,
S(=O)(=O)(N)c1occ(S(=O)(=O)c2ccc(OC)cc2)c1,-0.104942015,14,,,,,,,,,,,,,
Clc1c(-c2c(Cl)ccc(Cl)c2)ccc(Cl)c1,-1.907649678,14,,,,,,,,,,,,,
O(CCOCCCCCC)CCO,0.898255324,14,,,,,,,,,,,,,
S(=O)(=O)(c1ccc(C)cc1)C1(C(=O)OC)CC1,-0.031797598,14,,,,,,,,,,,,,
O=C(N(CC=C)CC=C)COC(=O)c1ccccc1,0.129221984,14,,,,,,,,,,,,,
O=C(Nc1ccccc1)C(CC(=O)O)C,0.802761091,14,,,,,,,,,,,,,
O=C(OCC)CC(C)C,0.509675069,14,,,,,,,,,,,,,
O=C(OC)C1CN(CCCCCC)C(=O)C1,0.798189508,14,,,,,,,,,,,,,
Ic1c(Oc2cc(I)c(O)c(I)c2)c(I)cc(CC(NC(=O)CCC(=O)O)C(=O)O)c1,0.432974915,14,,,,,,,,,,,,,
Clc1c(S(=O)(=O)N)cc2S(=O)(=O)NCNc2c1,0.102808685,14,,,,,,,,,,,,,
S(C)c1nc(NC(C)C)nc(NC)n1,0.127698139,14,,,,,,,,,,,,,
Clc1cc2ncc(Oc3ccc(OC(C(=O)OCC)C)cc3)nc2cc1,-1.664342513,14,,,,,,,,,,,,,
Clc1c(Cl)cccc1-c1c(Cl)cc(Cl)cc1Cl,-2.327722762,14,,,,,,,,,,,,,
O[C@@H]([C@H]1N2CC(C=C)C(C1)CC2)c1c2c(ncc1)cccc2,-0.178086584,14,,,,,,,,,,,,,
NCC(CCCC)CC,0.560977771,14,,,,,,,,,,,,,
Clc1c(NS(=O)(=O)c2cc(C(F)(F)F)c(Cl)cc2)ccc([N+](=O)[O-])c1,0.335956889,14,,,,,,,,,,,,,
O=C1OC(C)(C)c2c1cccc2,0.482245875,14,,,,,,,,,,,,,
O=C(O)C(=O)c1cc2OCOc2cc1,0.826126701,14,,,,,,,,,,,,,
S=C1N(C)C(=O)N(C)c2ncn(C)c12,-0.256818531,14,,,,,,,,,,,,,
ClCCN(N=O)C(=O)NCC1C(O)C(O)C(O)C(OC)O1,0.638185925,14,,,,,,,,,,,,,
O=C(O)C(C(C(=O)O)CC(=O)O)CC(=O)O,1.279724301,14,,,,,,,,,,,,,
Clc1[nH]c2C(=O)N(C)C(=O)N(C)c2n1,0.665107171,14,,,,,,,,,,,,,
S(CCC(=O)O)CCC(=O)O,1.085688147,14,,,,,,,,,,,,,
O=C(OCC)/C(/NC=O)=C/c1ccccc1,-0.037384975,14,,,,,,,,,,,,,
Brc1ccc(-c2ccc(C3CC(C=4C(=O)Sc5c(C=4O)cccc5)c4c(cccc4)C3)cc2)cc1,-1.68821602,14,,,,,,,,,,,,,
O=[N+]([O-])C1C(=O)CC(c2ccccc2)CC1=O,0.583327536,14,,,,,,,,,,,,,
Clc1c(c(Cl)c(Cl)cc1Cl)-c1c(Cl)c(Cl)cc(Cl)c1Cl,-3.377143169,14,,,,,,,,,,,,,
Oc1c2ncccc2ccc1,0.203382347,14,,,,,,,,,,,,,
O=C(OCCCC)c1cnccc1,0.497992264,14,,,,,,,,,,,,,
O[C@@H]1[C@]2(C)C(C3C(c4c(cc(O)cc4)CC3)CC2)CC1,-1.047185791,14,,,,,,,,,,,,,
S(=O)(=O)(Nc1nnc(C)cc1)c1ccc(N)cc1,0.091633777,14,,,,,,,,,,,,,
ClC(Cl)C(=O)N[C@@H]([C@H](O)c1ccc([N+](=O)[O-])cc1)CO,0.358814449,14,,,,,,,,,,,,,
BrC(Br)(Br)C(=O)N,0.78752265,14,,,,,,,,,,,,,
Clc1c(c(Cl)cc(Cl)c1)-c1c(Cl)cc(Cl)c(Cl)c1,-2.693445253,14,,,,,,,,,,,,,
ClCSP(=S)(OCC)OCC,-0.393456555,14,,,,,,,,,,,,,
CC1CCCCC1,-0.522475358,14,,,,,,,,,,,,,
O=[N+]([O-])c1c(N/N=C(/C(=O)O)\C)ccc([N+](=O)[O-])c1,0.914509661,14,,,,,,,,,,,,,
S(=O)(=O)(N)c1cc(F)c(SCCCO)cc1,0.176461152,14,,,,,,,,,,,,,
OCCN(CCO)c1ccccc1,1.058258943,14,,,,,,,,,,,,,
O=C(CCCCN1C(=O)N(C)c2ncn(C)c2C1=O)C,1.147657799,14,,,,,,,,,,,,,
O=C(O)CCCCCCCCCCN,0.260780578,14,,,,,,,,,,,,,
S(C)c1ccc(OP(=O)(OCCC)OCCC)cc1,-0.288819207,14,,,,,,,,,,,,,
BrCCCCCC,-0.503173384,14,,,,,,,,,,,,,
O=[N+]([O-])c1c2c([N+](=O)[O-])cccc2ccc1,-0.502665334,14,,,,,,,,,,,,,
Fc1c([N+](=O)[O-])cc(C(=O)O)cc1,0.628026964,14,,,,,,,,,,,,,
O=COC(COC=O)C,-0.187229699,14,,,,,,,,,,,,,