,material or substance name,SMILES
0,HEXAMETHYLDISILOXANE,C[Si](C)(C)O[Si](C)(C)C
1,HEXAMETHYLDISILAZANE,C[Si](C)(C)N[Si](C)(C)C
2,tert-OCTYL MERCAPTAN,CC(S)(C)CC(C)(C)C
3,"2,4,4-TRIMETHYL-2-PENTENE",CC(C)=CC(C)(C)C
4,"2,4,4-TRIMETHYL-1-PENTENE",C=C(C)CC(C)(C)C
5,"1,2,4-TRIMETHYL-5-ETHYLBENZENE",CCc1c(C)cc(C)c(C)c1
6,"1,2,4-TRIMETHYL-3-ETHYLBENZENE",c1(C)c(C)c(CC)c(C)cc1
7,"1,2,3-TRIMETHYL-4-ETHYLBENZENE",c1(C)c(C)c(C)c(CC)cc1
8,"2,3,3-TRIMETHYL-1-BUTENE",C=C(C)C(C)(C)C
9,"2,4,6-TRIMETHYLPYRIDINE",n1c(C)cc(C)cc1(C)
10,TRIMETHYL PHOSPHATE,COP(=O)(OC)OC
11,TRIMETHYL BORATE,COB(OC)OC
12,"BENZENE-1,2,4-TRICARBOXYLIC ACID TRIMETHYL ESTER",COC(=O)C1=C(C(=O)OC)C=C(C(=O)OC)C=C1
13,VINYLTRIMETHOXYSILANE,C=C[Si](OC)(OC)OC
14,3-(TRIMETHOXYSILYL)-1-PROPANETHIOL,[Si](OC)(OC)(OC)CCCS
15,TRIISOBUTYL ALUMINUM,CC(C)C[Al](CC(C)C)CC(C)C
16,TRI-n-HEPTYL TRIMELLITATE,CCCCCCCOC(=O)c1cc(C(=O)OCCCCCCC)ccc1(C(=O)OCCCCCCC)
17,"(3,3,3-TRIFLUOROPROPYL)METHYLDICHLOROSILANE",FC(CC[Si](Cl)(Cl)C)(F)F
18,TRIFLUOROACETIC ACID,FC(F)(F)C(=O)O
19,TRIETHYL ESTER PHOSPHOROUS ACID,P(OCC)(OCC)OCC
20,TRIETHYL GALLIUM,CC[Ga](CC)CC
21,TRIETHYLENETETRAMINE,NCCNCCNCCN
22,TRIETHYLENE GLYCOL MONOMETHYL ETHER,OCCOCCOCCOC
23,TRIETHYLENE GLYCOL MONOETHYL ETHER,CCOCCOCCOCCO
24,TRIETHYLENE GLYCOL n-BUTYL ETHER,CCCCOCCOCCOCCO
25,"1,3,5-TRIETHYLBENZENE",c1(CC)cc(CC)cc(CC)c1
26,"1,2,4-TRIETHYLBENZENE",c1(CC)c(CC)cc(CC)cc1
27,"1,2,3-TRIETHYLBENZENE",c1(CC)c(CC)c(CC)ccc1
28,TRIETHYL PHOSPHATE,CCOP(=O)(OCC)OCC
29,TRIETHYL ALUMINUM,CC[Al](CC)CC
30,TRIETHYL ORTHOFORMATE,CCOC(OCC)OCC
31,[3-(MERCAPTO)PROPYL]TRIETHOXYSILANE,[Si](OCC)(OCC)(OCC)CCCS
32,n-TRIDECYLBENZENE,c1ccccc1(CCCCCCCCCCCCC)
33,TRIDECANAL,CCCCCCCCCCCCC=O
34,1H-PERFLUORO-N-HEXANE,FC(F)(F)C(F)(F)C(F)(F)C(F)(F)C(F)(F)C(F)F
35,TRI-o-CRESYL PHOSPHATE,P(=O)(Oc1c(C)cccc1)(Oc1c(C)cccc1)Oc1c(C)cccc1
36,"1,1,2-TRICHLOROTRIFLUOROETHANE",ClC(Cl)(F)C(F)(F)Cl
37,"1,1,1-TRICHLOROTRIFLUOROETHANE",ClC(Cl)(Cl)C(F)(F)F
38,"1,2,3-TRICHLOROPROPANE",C(Cl)C(Cl)C(Cl)
39,TRICHLOROETHYLENE,C(Cl)=C(Cl)Cl
40,"1,1,2-TRICHLOROETHANE",C(Cl)(Cl)CCl
41,"1,1,1-TRICHLOROETHANE",C(Cl)(Cl)(Cl)C
42,"1,2,4-TRICHLOROBENZENE",c1(Cl)c(Cl)cc(Cl)cc1
43,TRICHLOROACETYL CHLORIDE,ClC(Cl)(Cl)C(=O)Cl
44,METHYLGERMANIUM TRICHLORIDE,C[Ge](Cl)(Cl)Cl
45,TRICHLOROACETALDEHYDE,C(Cl)(Cl)(Cl)C=O
46,TRI-n-BUTYLAMINE,CCCCN(CCCC)CCCC
47,TRIALLYLAMINE,C=CCN(CC=C)CC=C
48,TRIAMYLAMINE,CCCCCN(CCCCC)CCCCC
49,o-TOLUIDINE,c1(C)c(N)cccc1
50,m-TOLUIDINE,c1(C)cc(N)ccc1
51,BENZYL MERCAPTAN,c1(CS)ccccc1
52,"2,6-TOLUENE DIISOCYANATE",c1(C)c(N=C=O)cccc1(N=C=O)
53,"2,4-TOLUENE DIISOCYANATE",C1=CC(=C(C=C1N=C=O)N=C=O)C
54,p-TOLUALDEHYDE,c1cc(C)ccc1C=O
55,TITANIUM TETRACHLORIDE,[Ti+4].[Cl-].[Cl-].[Cl-].[Cl-]
56,THIOPHENE,S1C=CC=C1
57,THIONYL CHLORIDE,ClS(=O)Cl
58,THIODIGLYCOL,OCCSCCO
59,THIACYCLOPROPANE,S1CC1
60,TETRAHYDROTHIOPHENE,S1CCCC1
61,TRIMETHYLENE SULFIDE,S1CCC1
62,TETRANITROMETHANE,[N+](=O)([O-])C([N+](=O)[O-])([N+](=O)[O-])[N+](=O)[O-]
63,TETRAMETHYLSILANE,C[Si](C)(C)C
64,"2,3,3,4-TETRAMETHYLPENTANE",CC(C)C(C)(C)C(C)C
65,"2,2,4,4-TETRAMETHYLPENTANE",CC(C)(C)CC(C)(C)C
66,"2,2,3,4-TETRAMETHYLPENTANE",CC(C)(C)C(C)C(C)C
67,"2,2,3,3-TETRAMETHYLPENTANE",CC(C)(C)C(C)(C)CC
68,"2,2,5,5-TETRAMETHYLHEXANE",CC(C)(C)CCC(C)(C)C
69,"2,2,3,3-TETRAMETHYLHEXANE",CC(C)(C)C(C)(C)CCC
70,TETRAMETHYLETHYLENEDIAMINE,CN(C)CCN(C)C
71,"1,2,3,5-TETRAMETHYLBENZENE",c1(C)c(C)c(C)cc(C)c1
72,"1,2,3,4-TETRAMETHYLBENZENE",c1(C)c(C)c(C)c(C)cc1
73,METHYL SILICATE,CO[Si](OC)(OC)OC
74,"1,2,3,4-TETRAHYDRONAPHTHALENE",C1CCCc2ccccc21
75,TETRAHYDROFURFURYL ALCOHOL,OCC1OCCC1
76,TETRAHYDROFURAN,C1COCC1
77,"2,2,4,4-TETRAFLUOROPENTANE",CC(F)(F)CC(C)(F)F
78,TETRAETHYL SILANE,CC[Si](CC)(CC)CC
79,TETRAETHYLENEPENTAMINE,NCCNCCNCCNCCN
80,TETRAETHYLENE GLYCOL DIMETHYL ETHER,COCCOCCOCCOCCOC
81,"1,2,3,5-TETRAETHYLBENZENE",c1(CC)c(CC)c(CC)cc(CC)c1
82,TETRAETHOXYSILANE,[Si](OCC)(OCC)(OCC)OCC
83,n-TETRADECYLBENZENE,c1ccccc1(CCCCCCCCCCCCCC)
84,1-TETRADECENE,C=CCCCCCCCCCCCC
85,PERFLUORO-n-HEXANE,C(F)(F)(F)C(F)(F)C(F)(F)C(F)(F)C(F)(F)C(F)(F)(F)
86,TIN(IV) CHLORIDE,[Sn](Cl)(Cl)(Cl)(Cl)
87,GERMANIUM TETRACHLORIDE,[Ge](Cl)(Cl)(Cl)Cl
88,TETRACHLOROETHYLENE,C(Cl)(Cl)=C(Cl)Cl
89,"1,1,2,2-TETRACHLOROETHANE",C(Cl)(Cl)C(Cl)(Cl)
90,"1,1,1,2-TETRACHLOROETHANE",C(Cl)(Cl)(Cl)C(Cl)
91,3-CHLOROPROPYLTRICHLOROSILANE,C(Cl)CC[Si](Cl)(Cl)Cl
92,"1,1,2,2-TETRABROMOETHANE",BrC(Br)C(Br)Br
93,TERPINOLENE,C1(C)=CCC(=C(C)C)CC1
94,SULFURYL CHLORIDE,ClS(=O)(=O)Cl
95,SULFUR TRIOXIDE,O=S(=O)=O
96,SULFUR DICHLORIDE,ClSCl
97,TETRACHLOROSILANE,Cl[Si](Cl)(Cl)Cl
98,TRIPROPYLENE GLYCOL MONOMETHYL ETHER,COC(C)COC(C)COC(C)CO
99,SALICYLALDEHYDE,c1(O)ccccc1(C=O)
100,QUINOLINE,c1(cccn2)c2cccc1
101,PYRUVIC ACID,CC(=O)C(=O)O
102,2-PYRROLIDONE,C1CCC(=O)N1
103,PYRROLIDINE,C1CCCN1
104,PYRROLE,C1=CC=CN1
105,PROPARGYL ALCOHOL,OCC#C
106,2-n-PROPYLTHIOPHENE,S1C=CC=C1(CCC)
107,1-n-PROPYLNAPHTHALENE,c1cccc2c1(c(CCC)ccc2)
108,n-PROPYL MERCAPTAN,CCCS
109,"1,3-PROPYLENE OXIDE",C1CCO1
110,PROPYLENE GLYCOL MONOMETHYL ETHER ACETATE,CC(=O)OC(C)COC
111,PROPYLENE GLYCOL ETHYL ETHER ACETATE,CCOCC(C)OC(=O)C
112,"1,2-PROPYLENE GLYCOL",OC(C)CO
113,n-PROPYLCYCLOHEXANE,C1CCCCC1CCC
114,n-PROPYLAMINE,CCCN
115,n-PROPYL PROPIONATE,CCC(=O)OCCC
116,n-PROPYL METHACRYLATE,CCCOC(=O)C(C)=C
117,n-PROPYL ISOBUTYRATE,CC(C)C(=O)OCCC
118,n-PROPYL IODIDE,CCCI
119,n-PROPYL ACRYLATE,CCCOC(=O)C=C
120,n-PROPYL ACETATE,CC(=O)OCCC
121,TRIETHYLENE GLYCOL n-PROPYL ETHER,OCCOCCOCCOCCC
122,DIETHYLENE GLYCOL MONOPROPYL ETHER,CCCOCCOCCO
123,ETHYLENE GLYCOL MONOPROPYL ETHER,CCCOCCO
124,PROPYLENE GLYCOL n-PROPYL ETHER,CC(O)COCCC
125,PROPIONITRILE,CCC#N
126,PROPIONIC ACID,CCC(=O)O
127,trans-1-PROPENYLBENZENE,c1ccccc1/C=C/C
128,cis-1-PROPENYLBENZENE,c1ccccc1/C=CC
129,ACRYLONITRILE,C=CC#N
130,TRIPROPYLENE GLYCOL MONOETHYL ETHER,CCOCC(C)OCC(C)OCC(C)O
131,DIPROPYLENE GLYCOL MONOETHYL ETHER,CCOCC(C)OCC(C)O
132,1-PROPANOL,CCCO
133,ISOPROPANOL,CC(O)C
134,ISOPROPYL MERCAPTAN,CC(S)C
135,"1,3-PROPANEDIAMINE",NCCCN
136,PROPANAL,CCC=O
137,DIALLYL SULFIDE,C=CCSCC=C
138,ALLYL ETHER,C=CCOCC=C
139,ALLYL ACRYLATE,C=CCOC(=O)C=C
140,"1,6-HEXANEDIOL DIACRYLATE",O=C(C=C)OCCCCCCOC(=O)C=C
141,ACRYLOXY PROPIONIC ACID,C=CC(=O)OCCC(O)=O
142,PIPERIDINE,C1CCCCN1
143,N-AMINOETHYL PIPERAZINE,C1CNCCN1CCN
144,N-(2-HYDROXYETHYL)PIPERAZINE,C1CNCCN1(CCO)
145,beta-PINENE,C1C(=C)C(C2)C(C)(C)C2C1
146,alpha-PINENE,C1C(C2(C)(C))CC2C(C)=C1
147,PHOSPHORUS TRICHLORIDE,ClP(Cl)Cl
148,PHOSPHORUS OXYCHLORIDE,ClP(=O)(Cl)Cl
149,PHENYLTRICHLOROSILANE,c1ccccc1([Si](Cl)(Cl)Cl)
150,PHENYL MERCAPTAN,c1(S)ccccc1
151,BENZYL ALCOHOL,c1ccccc1(CO)
152,PHENYLHYDRAZINE,c1(NN)ccccc1
153,PROPYLENE GLYCOL alpha-METHYLBENZYL ETHER,c1(C(C)OCC(O)C)ccccc1
154,STYRENE,C=Cc1ccccc1
155,2-PHENYLETHANOL,C(c1ccccc1)CO
156,PHENYLACETONITRILE,c1(CC#N)ccccc1
157,2-PHENYL-1-PROPANOL,C(O)C(c1ccccc1)C
158,1-PHENYL-2-PROPANOL,C(c1ccccc1)C(O)C
159,1-PHENYL-1-PROPANOL,C(c1ccccc1)(O)CC
160,BIS(alpha-METHYLBENZYL) ETHER,c1ccccc1C(C)OC(C)c2ccccc2
161,trans-2-PHENYLBUTENE-2,C/C(c1ccccc1)=CC
162,cis-2-PHENYLBUTENE-2,C/C(c1ccccc1)=C/C
163,2-PHENYLBUTENE-1,C=C(c1ccccc1)CC
164,alpha-METHYLBENZYL ALCOHOL FORMATE,c1ccccc1C(C)OC=O
165,ETHYL PHENYL CARBONATE,CCOC(=O)Oc1ccccc1
166,PHENYL ACETATE,c1ccccc1(OC(C)=O)
167,PHENETOLE,c1ccccc1(OCC)
168,p-PHENETIDINE,c1(OCC)ccc(N)cc1
169,ALLYL-TERT-BUTYLPEROXIDE,CC(C)(C)OOCC=C
170,PERCHLORIC ACID,OCl(=O)(=O)=O
171,PERACETIC ACID,OOC(=O)C
172,2-PENTYNE,CC#CCC
173,1-PENTYNE,C#CCCC
174,1-n-PENTYLNAPHTHALENE,c1(CCCCC)cccc(cccc2)c12
175,n-PENTYLCYCLOHEXANE,C(CCCC1)(C1)CCCCC
176,n-PENTYLBENZENE,c1ccccc1(CCCCC)
177,n-PENTYLAMINE,CCCCCN
178,n-PENTYL n-BUTYRATE,CCCCCOC(=O)CCC
179,n-PENTYL ACETATE,CC(=O)OCCCCC
180,2-(2-PENTOXYETHOXY)ETHANOL,CCCCCOCCOCCO
181,2-PENTOXYETHANOL,CCCCCOCCO
182,trans-2-PENTENE,C/C=C/CC
183,cis-2-PENTENE,C/C=CCC
184,1-PENTENE,C=CCCC
185,1-PENTENE-4-YNE,C#CCC=C
186,1-PENTENE-3-YNE,CC#CC=C
187,3-PENTANOL,CCC(O)CC
188,2-PENTANOL,CCCC(O)C
189,1-PENTANOL,CCCCCO
190,n-PENTANOIC ACID,CCCCC(=O)O
191,n-PENTYL MERCAPTAN,CCCCCS
192,VALERONITRILE,CCCCC#N
193,2-PENTANETHIOL,CC(S)CCC
194,ACETYLACETONE,CC(=O)CC(=O)C
195,"1,4-PENTANEDIOL",OCCCC(O)C
196,GLUTARONITRILE,N#CCCCC#N
197,"1,5-PENTANEDIAMINE",NCCCCCN
198,PENTANAL,CCCCC=O
199,"trans-2,2,4,6,6-PENTAMETHYL-3-HEPTENE",C(CC(=CC(C)(C)C)C)(C)(C)C
200,"1,1,2,2,3-PENTAFLUOROPROPANE",C(F)(F)C(F)(F)C(F)
201,"1,1,1,3,3-PENTAFLUOROBUTANE",CC(F)(F)CC(F)(F)F
202,"2,3-PENTADIENE",CC=C=CC
203,"1,4-PENTADIENE",C=CCC=C
204,"1,2-PENTADIENE",C=C=CCC
205,n-PENTADECYLBENZENE,c1(CCCCCCCCCCCCCCC)ccccc1
206,1-PENTADECENE,C=CCCCCCCCCCCCCC
207,trans-2-PENTADECENE,C/C=C/CCCCCCCCCCCC
208,"1,1,1,3,3-PENTACHLOROPROPANE",ClC(Cl)(CC(Cl)Cl)Cl
209,PENTACHLOROETHANE,ClC(Cl)C(Cl)(Cl)Cl
210,5-o-TOLYL-2-PENTENE,C1(CCC=CC)=CC=CC=C1C
211,METHYL GLYOXAL,CC(=O)C=O
212,4-[(TETRAHYDRO-2-FURANYL)OXY]-1-BUTANOL,C1OC(OCCCCO)CC1
213,"2,3,4,5,2',3',4',5'-OCTAHYDRO-BIFURYL-(3,3')",C1CC(C2CCOC2)CO1
214,2-ACETOACETOXY ETHYL METHACRYLATE,C=C(C)C(=O)OCCOC(=O)CC(=O)C
215,ALLYL GLYCIDYL ETHER,C=CCOCC1(OC1)
216,"1,2-EPOXY-3-PHENOXYPROPANE",C(Oc1ccccc1)C2CO2
217,OXAZOLE,O1C=NC=C1
218,TETRAHYDROPYRAN,C1CCCCO1
219,epsilon-CAPROLACTONE,C1(=O)OCCCCC1
220,beta-PROPIOLACTONE,C1COC1(=O)
221,OLEIC ACID,CCCCCCCC/C=CCCCCCCCC(=O)O
222,1-OCTYNE,C#CCCCCCC
223,n-OCTYLBENZENE,c1ccccc1(CCCCCCCC)
224,n-OCTYLAMINE,CCCCCCCCN
225,n-OCTYL FORMATE,CCCCCCCCOC=O
226,n-OCTYL ACETATE,CC(=O)OCCCCCCCC
227,trans-4-OCTENE,CCC/C=C/CCC
228,trans-3-OCTENE,CC/C=C/CCCC
229,trans-2-OCTENE,C/C=C/CCCCC
230,cis-4-OCTENE,CCC/C=CCCC
231,cis-3-OCTENE,CC/C=CCCCC
232,2-OCTANONE,CC(=O)CCCCCC
233,2-OCTANOL,CCCCCCC(O)C
234,1-OCTANOL,CCCCCCCCO
235,n-OCTANOIC ACID,CCCCCCCC(=O)O
236,n-OCTYL MERCAPTAN,CCCCCCCCS
237,OCTANAL,CCCCCCCC=O
238,4-OCTANONE,CCCC(=O)CCCC
239,3-OCTANONE,CCC(=O)CCCCC
240,OCTAMETHYLCYCLOTETRASILOXANE,[Si]1(C)(C)O[Si](C)(C)O[Si](C)(C)O[Si](C)(C)O1
241,1-OCTADECENE,C=CCCCCCCCCCCCCCCCC
242,PERFLUORO-n-OCTANE,C(F)(F)(F)C(F)(F)C(F)(F)C(F)(F)C(F)(F)C(F)(F)C(F)(F)C(F)(F)(F)
243,OLEYL ALCOHOL,CCCCCCCC/C=CCCCCCCCCO
244,NONYLPHENOL,c1(O)c(CCCCCCCCC)cccc1
245,1-n-NONYLNAPHTHALENE,c1(CCCCCCCCC)cccc2ccccc21
246,n-NONYLBENZENE,c1ccccc1(CCCCCCCCC)
247,n-NONYLAMINE,CCCCCCCCCN
248,n-NONYL FORMATE,CCCCCCCCCOC=O
249,n-NONYL ACETATE,CC(=O)OCCCCCCCCC
250,8-METHYLQUINOLINE,c1(cccn2)c2c(C)ccc1
251,N-METHYLPYRROLIDINE,C1CCCN1(C)
252,N-METHYLPYRROLE,n1(C)cccc1
253,4-METHYLPYRIDINE,n1ccc(C)cc1
254,3-METHYLPYRIDINE,n1cc(C)ccc1
255,2-METHYLPYRIDINE,n1c(C)cccc1
256,ISOBUTYL ISOBUTYRATE,CC(C)COC(=O)C(C)C
257,ISOBUTYRIC ANHYDRIDE,CC(C)C(=O)OC(=O)C(C)C
258,ISOBUTYLENE GLYCOL,CC(C)(O)CO
259,2-METHYLPROPANAL,CC(C)C(=O)
260,sec-BUTENYL ACETATE,C=CC(C)OC(=O)C
261,N-METHYLPIPERIDINE,CN1CCCCC1
262,"p,alpha-DIMETHYLBENZYL ALCOHOL",c1(C)ccc(C(O)(C))cc1
263,3-METHYL-1-PENTANOL,CCC(C)CCO
264,"trans-2-METHYL-1,3-PENTADIENE",C=C(C)/C=C/C
265,2-METHYLTETRAHYDROFURAN,O(C(CC1)C)C1
266,"1,2-PROPYLENE OXIDE",CC1OC1
267,2-METHYLOCTANE,CC(C)CCCCCC
268,6-METHYL-1-OCTANOL,CCC(C)CCCCCO
269,4-METHYL-1-OCTANOL,CCCCC(C)CCCO
270,METHYLNORBORNENE,C1CC2CC1C(=C2)C
271,2-METHYLNONANE,CC(C)CCCCCCC
272,1-METHYLNAPHTHALENE,c1(C)cccc2ccccc21
273,ACETONE CYANOHYDRIN,CC(C)(O)C#N
274,METHYL ISOPROPENYL KETONE,CC(=O)C(=C)C
275,2-METHYLINDENE,C1=CC=C2C(=C1)C=C(C2)C
276,1-METHYLINDENE,C1=CC=C2C(=C1)C=CC2C
277,2-METHYL-1-HEXANOL,OCC(C)CCCC
278,3-METHYLHEXANAL,CCCC(C)CC=O
279,2-METHYLHEXANAL,CCCCC(C)C=O
280,2-METHYLHEPTANAL,O=CC(C)CCCCC
281,2-METHYL-1-HEPTANOL,CCCCCC(C)CO
282,4-METHYL-1-HEPTENE,C=CCC(C)CCC
283,5-METHYL FURFURAL,CC1=CC=C(O1)C=O
284,N-METHYLFORMAMIDE,CNC=O
285,1-METHYL-4-VINYLCYCLOHEXENE,C1(C)=CCC(C=C)CC1
286,1-METHYLTETRALIN,C1C(C)c2ccccc2CC1
287,N-METHYL-2-PYRROLIDONE,C1CCC(=O)N1(C)
288,1-METHYL-4-n-PROPYLBENZENE,c1(C)ccc(CCC)cc1
289,1-METHYL-3-n-PROPYLBENZENE,c1(C)cc(CCC)ccc1
290,1-METHYL-2-n-PROPYLBENZENE,c1(C)c(CCC)cccc1
291,DIMETHYLKETENE,CC(C)=C=O
292,ISOBUTYL MERCAPTAN,CC(C)CS
293,4-METHYL-trans-2-PENTENE,C/C=C/C(C)C
294,4-METHYL-cis-2-PENTENE,C/C=CC(C)C
295,3-METHYL-cis-2-PENTENE,C/C=C(C)CC
296,4-METHYL-1-PENTENE,C=CCC(C)C
297,3-METHYL-trans-2-PENTENE,C/C=C(C)/CC
298,3-METHYL-1-PENTENE,C=CC(C)CC
299,2-METHYL-2-PENTENE,CC(C)=CCC
300,2-METHYL-2-PENTENAL,O=CC(C)=CCC
301,4-METHYL-2-PENTANOL,CC(O)CC(C)C
302,3-METHYL-3-PENTANOL,CCC(C)(O)CC
303,2-METHYL-1-PENTANOL,OCC(C)CCC
304,HEXYLENE GLYCOL,CC(O)(C)CC(O)C
305,"2-METHYL-1,3-PENTANEDIOL",CCC(O)C(C)CO
306,7-METHYL-1-OCTENE,C=CCCCCC(C)C
307,2-METHYL-1-OCTENE,C=C(C)CCCCCC
308,8-METHYL-1-NONENE,C=CCCCCCC(C)C
309,2-METHYL-1-NONENE,C=C(C)CCCCCCC
310,8-METHYL-1-NONANOL,CC(C)CCCCCCCO
311,DIISOBUTYLAMINE,CC(C)CNCC(C)C
312,METHYL ISOBUTYL ETHER,COCC(C)C
313,gamma-TERPINENE,CC(C)C1=CCC(=CC1)C
314,alpha-TERPINENE,CC(C)C1=CC=C(CC1)C
315,"2-METHYL-, 3-HYDROXY-2,2,4-TRIMETHYLPENTYL PROPANOATE",CC(C)C(=O)OCC(C)(C)C(O)C(C)C
316,5-METHYL-1-HEXENE,C=CCCC(C)C
317,4-METHYL-1-HEXENE,C=CCC(C)CC
318,3-METHYL-1-HEXENE,C=CC(C)CCC
319,2-METHYL-1-HEXENE,C=C(C)CCCC
320,5-METHYL-2-HEXANONE,CC(=O)CCC(C)C
321,5-METHYL-1-HEXANOL,OCCCCC(C)C
322,6-METHYL-1-HEPTENE,C=CCCCC(C)C
323,2-METHYL-1-HEPTENE,C=C(C)CCCCC
324,ISOPROPYL PALMITATE,CC(C)OC(=O)CCCCCCCCCCCCCCC
325,1-ISOPROPOXY-2-PROPANOL,CC(O)COC(C)C
326,3-METHYLDODECANE,CCC(C)CCCCCCCCC
327,2-METHYLDODECANE,CC(C)CCCCCCCCCC
328,2-METHYL-DODECAN-1-OL,CCCCCCCCCCC(C)CO
329,METHYL DICHLOROSILANE,C[SiH](Cl)Cl
330,2-METHYLDECANE,CC(C)CCCCCCCC
331,3-METHYLCYCLOPENTENE,C1=CC(C)CC1
332,1-METHYLCYCLOPENTENE,C1(C)=CCCC1
333,3-METHYLCYCLOPENTANONE,CC1CCC(=O)C1
334,N-METHYLCYCLOHEXYLAMINE,C1(NC)CCCCC1
335,4-METHYL-CYCLOHEXANE-METHANOL,C1(C)CCC(C[OH])CC1
336,trans-4-METHYLCYCLOHEXANOL,C1[C@](O)([H])(CC[C@@](C)([H])(C1))
337,trans-3-METHYLCYCLOHEXANOL,C1[C@](O)([H])(C[C@@](C)([H])(CC1))
338,trans-2-METHYLCYCLOHEXANOL,C1[C@](O)([H])([C@@](C)([H])(CCC1))
339,cis-4-METHYLCYCLOHEXANOL,C1[C@](O)([H])(CC[C@](C)([H])(C1))
340,cis-3-METHYLCYCLOHEXANOL,C1[C@](O)([H])(C[C@](C)([H])(CC1))
341,cis-2-METHYLCYCLOHEXANOL,C1[C@](O)([H])([C@](C)([H])(CCC1))
342,METHYL CHLOROFORMATE,ClC(=O)OC
343,ISOPENTYL BUTYRATE,O=C(OCCC(C)C)CCC
344,2-METHYLBUTYRIC ACID,CCC(C)C(=O)O
345,2-METHYLBUTYRALDEHYDE,CCC(C)C=O
346,2-METHYL-2-AMINOBUTANE,CCC(C)(N)C
347,1-METHYL-DECALIN,C1CC(C)C2CCCCC2C1
348,alpha-METHYLBENZYL ALCOHOL,c1ccccc1[C@](C)([H])(O)
349,2-METHYLBENZOFURAN,c1cccc2oc(C)cc21
350,m-TOLUALCOHOL,C(c1cc(C)ccc1)O
351,m-TOLUALDEHYDE,c1c(C)cccc1(C=O)
352,o-TOLUALDEHYDE,c1(C)ccccc1(C=O)
353,PROPYLENEIMINE,N1C(C)C1
354,METHYLETHANOLAMINE,CNCCO
355,sec-BUTENYL GLYCOL ETHER,C=CC(C)OCCO
356,DIISOPENTYLSULFIDE,CC(C)CCSCCC(C)C
357,"2-METHYL-1,3-DIOXOLANE",CC1OCCO1
358,2-METHYL THIAINDAN,c1cc2SC(C)Cc2cc1
359,5-METHYLINDAN,c1cc(C)cc2c1CCC2
360,1-METHYLINDAN,c1cccc2c1CCC2C
361,METHYLCYCLOPENTADIENE,C1(C)=CC=CC1
362,3-METHYL-1-BUTYNE,C#CC(C)C
363,2-METHYL-2-BUTENE,CC(C)=CC
364,2-METHYL-1-BUTENE,C=C(C)CC
365,2-METHYL-1-BUTENE-3-YNE,C=C(C)C#C
366,3-METHYL-2-BUTANOL,CC(O)C(C)C
367,3-METHYL-1-BUTANOL,OCCC(C)C
368,2-METHYL-2-BUTANOL,CC(C)(O)CC
369,2-METHYL-1-BUTANOL,OCC(C)CC
370,3-METHYLBUTYRALDEHYDE,CC(C)CC(=O)
371,"3-METHYL-1,2-BUTADIENE",C=C=C(C)C
372,2-METHYLTHIOPHENE,S1C(C)=CC=C1
373,3-METHYL SULFOLANE,S1(=O)(=O)CCC(C)C1
374,METHYL SALICYLATE,c1cc(C(=O)OC)c(O)cc1
375,N-METHYLTHIOPYRROLIDONE,N1(C)C(=S)CCC1
376,METHYL n-PROPYL SULFIDE,CSCCC
377,METHYL t-PENTYL SULFIDE,CSC(C)(C)CC
378,METHYLGLUTARONITRILE,N#CC(C)CCC#N
379,METHYL ACETOACETATE,CC(=O)CC(=O)OC
380,METHYL CAPRYLATE,O=C(OC)CCCCCCC
381,2-METHYL OCTANAL,O=CC(C)CCCCCC
382,METHYL LINOLEATE,O=C(OC)CCCCCCC/C=CC/C=CCCCCC
383,METHYL OLEATE,CCCCCCCC/C=CCCCCCCCC(=O)OC
384,METHYL ISOPROPYL SULFIDE,CSC(C)C
385,METHYL alpha-METHOXYISOBUTYRATE,COC(C)(C)C(=O)OC
386,METHYL-3-MERCAPTOPROPIONATE,SCCC(=O)OC
387,METHYL ISOPROPYL KETONE,CC(=O)C(C)C
388,METHYL ISOBUTYRATE,CC(C)C(=O)OC
389,METHYL IODIDE,CI
390,METHYL LACTATE,CC(O)C(=O)OC
391,METHYL RICINOLEATE,CCCCCC[C@H](C/C=CCCCCCCCC(=O)OC)O
392,METHYL GLYCOLATE,COC(=O)CO
393,METHYL alpha-HYDROXYISOBUTYRATE,OC(C)(C)C(=O)OC
394,METHYL PALMITOLEATE,C(CCCC=C/CCCCCC)CCCC(OC)=O
395,ETHYL ISOAMYL KETONE,CCC(=O)CCC(C)C
396,METHYL FORMATE,COC(=O)
397,METHYL ETHYL SULFIDE,CSCC
398,ISOPROPYLCYCLOHEXANE,C1CCCCC1C(C)C
399,METHYL DODECANOATE,CCCCCCCCCCCC(=O)OC
400,PROPYLENE CARBONATE,C1C(C)OC(=O)O1
401,METHYL DECANOATE,CCCCCCCCCC(=O)OC
402,METHYL CYANOACETATE,N#CCC(=O)OC
403,METHYL CHLOROACETATE,ClCC(=O)OC
404,METHYL t-BUTYL SULFIDE,CSC(C)(C)C
405,METHYL n-BUTYL SULFIDE,CSCCCC
406,METHYL BENZOATE,c1c(C(=O)OC)cccc1
407,METHYL ACRYLATE,C=CC(=O)OC
408,3-METHOXYPROPIONITRILE,COCCC#N
409,2-METHOXY PROPANOL-1,CC(OC)CO
410,DIPROPYLENE GLYCOL MONOMETHYL ETHER,COC(C)COC(C)CO
411,PENTAETHYLENE GLYCOL MONOMETHYL ETHER,COCCOCCOCCOCCOCCO
412,TETRAETHYLENE GLYCOL MONOMETHYL ETHER,COCCOCCOCCOCCO
413,2-METHOXYETHANOL,OCCOC
414,METHOXYDIHYDROPYRAN,O1C=CCCC1(OC)
415,METHYL sec-BUTYL ETHER,COC(C)CC
416,3-METHOXY-3-BUTEN-2-ONE,CC(=O)C(=C)OC
417,o-ANISIDINE,c1c(N)c(OC)ccc1
418,METHOXYACETONE,CC(=O)COC
419,METHOXYACETIC ACID,OC(=O)COC
420,trans-ISOEUGENOL,OC1=CC=C(/C=C/C)C=C1OC
421,3-METHOXYISOPROPYLAMINE,COCC(N)C
422,PROPYLENE GLYCOL MONOMETHYL ETHER,CC(O)COC
423,EUGENOL,c1(O)c(OC)cc(CC=C)cc1
424,4-(2-METHOXYETHYL)MORPHOLINE,COCCN1CCOCC1
425,METHYL tert-BUTYL ETHER,COC(C)(C)C
426,4-METHYLGUAIACOL,Oc1ccc(C)cc1OC
427,1-METHOXY-2-PROPANOL PROPANOATE,COCC(C)OC(=O)CC
428,METHYL n-PENTYL ETHER,COCCCCC
429,METHANOL,CO
430,METHANESULFONYL CHLORIDE,CS(=O)(=O)Cl
431,METHACRYLONITRILE,C=C(C)C#N
432,METHACROLEIN,C=C(C)C=O
433,MERCURY,[Hg]
434,3-MERCAPTOPROPIONIC ACID,SCCC(=O)O
435,THIOGLYCOLIC ACID,SCC(=O)O
436,p-MENTHANE HYDROPEROXIDE,CC1CCC(C(C)(C)OO)CC1
437,alpha-PHELLANDRENE,CC(C)C1C=CC(C)=CC1
438,beta-PHELLANDRENE,CC(C)C1C=CC(=C)CC1
439,LINOLEIC ACID,CCCCC/C=CC/C=CCCCCCCCC(=O)O
440,d-LIMONENE,C1=[C@](C)(CCC([C@](=C)(C))C1)
441,LACTONITRILE,CC(O)C#N
442,ISOXAZOLE,C1=CON=C1
443,ISOVALERIC ACID,CC(C)CC(=O)O
444,ISOPROPYLCYCLOPENTANE,C1CCCC1(C(C)C)
445,ISOPROPYLAMINE,CC(C)N
446,ISOPROPYL MYRISTATE,CCCCCCCCCCCCCC(=O)OC(C)C
447,ISOPROPYL IODIDE,CC(I)C
448,DIISOPROPYL ETHER,CC(C)OC(C)C
449,ISOPROPYL CHLORIDE,C(Cl)(C)C
450,ISOPROPYL ACRYLATE,C=CC(=O)OC(C)C
451,ISOPROPYL ACETATE,CC(=O)OC(C)C
452,ISOPENTYL ACETATE,CC(=O)OCCC(C)C
453,ISOPHORONE DIISOCYANATE,CC1(C)CC(CC(C)(CN=C=O)C1)N=C=O
454,ISOBUTYRONITRILE,CC(C)C#N
455,ISOBUTYRIC ACID,CC(C)C(=O)O
456,4-ISOBUTYLSTYRENE,c1(C=C)ccc(CC(C)C)cc1
457,ISOBUTYLBENZENE,c1(CC(C)C)ccccc1
458,ISOBUTYLAMINE,CC(C)CN
459,ISOPROPYL ISOBUTYL ETHER,CC(C)OCC(C)C
460,METHYL ISOBUTYL KETONE,CC(C)CC(=O)C
461,ISOBUTYL METHACRYLATE,CC(C)COC(=O)C(=C)C
462,ISOBUTYL FORMATE,C(=O)OCC(C)C
463,ISOBUTYL ACRYLATE,CC(C)COC(=O)C=C
464,n-HEXYL IODIDE,ICCCCCC
465,IODOBENZENE,c1(I)ccccc1
466,INDENE,c1(CC=C2)c2cccc1
467,INDANE,C1=CC2=C(C=C1)CCC2
468,PERFLUORO-n-NONANE,FC(F)(F)C(F)(F)C(F)(F)C(F)(F)C(F)(F)C(F)(F)C(F)(F)C(F)(F)C(F)(F)F
469,trans-2-EICOSENE,C/C=C/CCCCCCCCCCCCCCCCC
470,2-HYDROXYPROPYL ACRYLATE,O=C(OCC(O)C)C=C
471,2-HYDROXYPROPYL METHACRYLATE,CC(O)COC(=O)C(C)=C
472,PENTAPROPYLENE GLYCOL,CC(O)COC(C)COC(C)COC(C)COC(C)CO
473,TETRAPROPYLENE GLYCOL,CC(O)COC(C)COC(C)COC(C)CO
474,TRIPROPYLENE GLYCOL,CC(O)COC(C)COCC(O)C
475,LACTIC ACID,CC(O)C(O)=O
476,ACETOL,CC(=O)CO
477,2-BUTOXIME,N(O)=C(CC)C
478,N-NITROSODIETHANOLAMINE,OCCN(CCO)N=O
479,2-HYDROXYETHYL METHACRYLATE,C=C(C)C(=O)OCCO
480,2-HYDROXYETHYL ACRYLATE,C=CC(=O)OCCO
481,4-HYDROXYBUTYRALDEHYDE,OCCCC=O
482,ACETALDOL,CC(O)CC=O
483,ACETOIN,CC(C(=O)C)O
484,2-HYDROXYACETOPHENONE,c1(C(=O)C)c(O)cccc1
485,3-HYDROXYBUTYROLACTONE,O=C1C[C@H](O)CO1
486,3-HYDROXY-2-METHYL PROPIONALDEHYDE,OCC(C)C=O
487,ACROLEIN CYANOHYDRIN,N#CC(O)C=C
488,METHYL HYDROPEROXIDE,COO
489,ETHYL HYDROPEROXIDE,CCOO
490,n-BUTYLBENZENE HYDROPEROXIDE,c1c(CCCCOO)cccc1
491,HYDROGEN CYANIDE,C#N
492,HYDRACRYLONITRILE,N#CCCO
493,3-HEXYNE,CCC#CCC
494,2-HEXYNE,CC#CCCC
495,1-HEXYNE,C#CCCCC
496,TRIETHYLENE GLYCOL n-HEXYL ETHER,OCCOCCOCCOCCCCCC
497,1-n-HEXYLNAPHTHALENE,c1(CCCCCC)cccc2ccccc21
498,n-HEXYLCYCLOHEXANE,CCCCCCC1CCCCC1
499,"trans-2,n-HEXYL-DECAHYDRONAPHTHALENE",C1C2C(CCC1)CC[C@@H](C2)CCCCCC
500,n-HEXYLBENZENE,c1ccccc1(CCCCCC)
501,n-HEXYLAMINE,CCCCCCN
502,"1-n-HEXYL-1,2,3,4-TETRAHYDRONAPHTHALENE",c1cccc2c1(C(CCCCCC)CCC2)
503,n-HEXYL FORMATE,CCCCCCOC=O
504,n-HEXYL ACETATE,CCCCCCOC(=O)C
505,2-(2-HEXOXYETHOXY)ETHANOL,CCCCCCOCCOCCO
506,2-HEXOXYETHANOL,CCCCCCOCCO
507,trans-3-HEXENE,CC/C=C/CC
508,trans-2-HEXENE,C/C=C/CCC
509,cis-3-HEXENE,CC/C=CCC
510,cis-2-HEXENE,C/C=CCCC
511,3-HEXANONE,CCC(=O)CCC
512,2-HEXANONE,CC(=O)CCCC
513,2-HEXANOL,CC(O)CCCC
514,n-HEXANOIC ACID,CCCCCC(=O)O
515,n-HEXYL MERCAPTAN,CCCCCCS
516,HEXANENITRILE,CCCCCC#N
517,"1,6-HEXAMETHYLENE DIISOCYANATE",O=C=NCCCCCCN=C=O
518,HEXANAL,CCCCCC=O
519,3-HEXANOL,CCC(O)CCC
520,HEXAMETHYLENEIMINE,C1CCCCCN1
521,HEXAFLUOROBENZENE,c1(F)c(F)c(F)c(F)c(F)c1(F)
522,"trans,trans-2,4-HEXADIENE",C/C=C/C=C/C
523,"cis,trans-2,4-HEXADIENE",C/C=C/C=CC
524,"1,5-HEXADIENE",C=CCCC=C
525,"1,4-HEXADIENE",C=CCC=CC
526,"1,2-HEXADIENE",C=C=CCCC
527,n-HEXADECYL METHACRYLATE,C=C(C)C(=O)OCCCCCCCCCCCCCCCC
528,1-HEXADECENE,C=CCCCCCCCCCCCCCC
529,PERFLUORO-n-HEPTANE,C(F)(F)(F)C(F)(F)C(F)(F)C(F)(F)C(F)(F)C(F)(F)C(F)(F)(F)
530,HEXACHLOROSILANE,Cl[Si](Cl)(Cl)[Si](Cl)(Cl)Cl
531,HEXACHLOROCYCLOPENTADIENE,C1(Cl)=C(Cl)C(Cl)(Cl)C(Cl)=C1(Cl)
532,HEXACHLORODISILOXANE,Cl[Si](Cl)(Cl)O[Si](Cl)(Cl)Cl
533,"HEXACHLORO-1,3-BUTADIENE",C(Cl)(Cl)=C(Cl)C(Cl)=C(Cl)(Cl)
534,"trans-1,3-HEXADIENE",CC/C=C/C=C
535,5-HEXEN-2-ONE,C=CCCC(=O)C
536,1-HEPTYNE,C#CCCCCC
537,n-HEPTYL FORMATE,CCCCCCCOC=O
538,n-HEPTYL ACETATE,CC(=O)OCCCCCCC
539,trans-3-HEPTENE,CC/C=C/CCC
540,trans-2-HEPTENE,C/C=C/CCCC
541,cis-3-HEPTENE,CC/C=CCCC
542,cis-2-HEPTENE,C/C=CCCCC
543,4-HEPTANONE,CCCC(=O)CCC
544,3-HEPTANONE,CCC(=O)CCCC
545,2-HEPTANONE,CC(=O)CCCCC
546,3-HEPTANOL,CCC(O)CCCC
547,2-HEPTANOL,CC(O)CCCCC
548,1-HEPTANOL,OCCCCCCC
549,n-HEPTANOIC ACID,CCCCCCC(=O)O
550,n-HEPTYL MERCAPTAN,CCCCCCCS
551,HEPTANAL,CCCCCCC=O
552,PERFLUOROBUTANOIC ACID,C(F)(F)(F)C(F)(F)C(F)(F)C(=O)O
553,HEPTAFLUOROPROPYL METHYL ETHER,COC(F)(F)C(F)(F)C(F)(F)(F)
554,1-HEPTADECENE,C=CCCCCCCCCCCCCCCC
555,GLYOXAL,O=CC=O
556,GLUTARALDEHYDE,O=CCCCC=O
557,FURFURYL ALCOHOL,O1C(CO)=CC=C1
558,FURFURAL,O1C=CC=C1(C=O)
559,2-(5H)-FURANONE,O=C1C=CCO1
560,FURAN,C1=COC=C1
561,4-FORMYLMORPHOLINE,N1(C=O)CCOCC1
562,FORMIC ACID,C(=O)O
563,FORMAMIDE,NC=O
564,FLUOROBENZENE,c1(F)ccccc1
565,ETHYNYLBENZENE,c1(C#C)ccccc1
566,ETHYLTRICHLOROSILANE,CC[Si](Cl)(Cl)Cl
567,p-ETHYLTOLUENE,c1(CC)ccc(C)cc1
568,o-ETHYLTOLUENE,c1(CC)c(C)cccc1
569,m-ETHYLTOLUENE,c1(CC)cc(C)ccc1
570,ETHYL PROPYL SULFIDE,CCSCCC
571,2-ETHYLTHIOPHENE,S1C=CC=C1(CC)
572,ETHYL n-OCTYL SULFIDE,CCSCCCCCCCC
573,2-ETHYL-TETRAHYDROTHIOPHENE,CCC1CCCS1
574,m-ETHYLPHENOL,c1(O)cc(CC)ccc1
575,o-ETHYLPHENOL,c1(O)c(CC)cccc1
576,ETHYLNORBORNENE,C1C(C2C=CC1C2)CC
577,2-ETHYLNAPHTHALENE,c1cccc2c1(cc(CC)cc2)
578,1-ETHYLNAPHTHALENE,c1(CC)cccc2ccccc21
579,N-ETHYLMORPHOLINE,N1(CC)CCOCC1
580,5-ETHYLIDENE-2-NORBORNENE,C1C(C2C=CC1C2)=CC
581,3-ETHYLHEXANE,CCC(CC)CCC
582,2-ETHYLHEXANAL,CCCCC(CC)C=O
583,2-ETHYL-1-HEXANOL,OCC(CC)CCCC
584,3-ETHYL-1-HEXENE,C=CC(CC)CCC
585,2-ETHYL-2-HEXENAL,CCCC=C(CC)C=O
586,3-ETHYLHEPTANE,CCC(CC)CCCC
587,ETHYLENEIMINE,C1CN1
588,ETHYLENEDIAMINE,NCCN
589,2-MERCAPTOETHANOL,SCCO
590,ETHYLENE GLYCOL DINITRATE,O=N(=O)OCCON(=O)=O
591,ETHYLENE GLYCOL DIACRYLATE,C=CC(=O)OCCOC(=O)C=C
592,"1,2-DIBROMOETHANE",BrCCBr
593,3-ETHYLDODECANE,CCCCCCCCCC(CC)CC
594,1-ETHYLCYCLOHEXENE,CCC1=CCCCC1
595,ETHYLCYCLOHEXANE,C1CCCCC1(CC)
596,ETHYL CHLOROFORMATE,ClC(=O)OCC
597,1-ETHYL-DECALIN,C2CCC1CCCC(CC)C1C2
598,3-ETHYLBENZOTHIOPHENE,c1cccc(c(CC)cs2)c21
599,2-ETHYLBENZOTHIOPHENE,c1cccc(cc(CC)s2)c21
600,ETHYLBENZENE HYDROPEROXIDE,c1ccccc1(C(C)OO)
601,o-ETHYLANILINE,c1(N)c(CC)cccc1
602,N-ETHYLANILINE,c1(NCC)ccccc1
603,m-ETHYLSTYRENE,CCC1=CC(C=C)=CC=C1
604,o-ETHYLSTYRENE,CCC1=C(C=C)C=CC=C1
605,p-ETHYLSTYRENE,C=CC1=CC=C(CC)C=C1
606,1-ETHYLTETRALIN,C1C(CC)c2ccccc2CC1
607,N-ETHYL-2-PYRROLIDONE,CCN1CCCC1=O
608,1-(4-ETHYLPHENYL)-2-PHENYLETHANE,c1ccccc1CCc2ccc(CC)cc2
609,ETHYL tert-PENTYL ETHER,CCC(C)(C)OCC
610,3-ETHYL-1-PENTENE,C=CC(CC)CC
611,2-ETHYL-1-PENTENE,C=C(CC)CCC
612,3-METHYL-3-ETHYLPENTANE,CCC(C)(CC)CC
613,2-METHYL-3-ETHYLPENTANE,CC(C)C(CC)CC
614,1-ETHYL-2-ISOPROPYLBENZENE,c1(CC)c(C(C)C)cccc1
615,2-ETHYL-1-HEXENE,C=C(CC)CCCC
616,"3-ETHYL-2,5-DIMETHYLTHIOPHENE",CCc1cc(C)sc1C
617,4-ETHYL-o-XYLENE,c1(C)c(C)cc(CC)cc1
618,2-ETHYL-p-XYLENE,c1(C)c(CC)cc(C)cc1
619,2-ETHYL-m-XYLENE,c1(C)c(CC)c(C)ccc1
620,5-ETHYL-m-XYLENE,c1(CC)cc(C)cc(C)c1
621,4-ETHYL-m-XYLENE,c1(CC)c(C)cc(C)cc1
622,2-ETHYL-1-BUTENE,C=C(CC)CC
623,2-ETHYL-1-BUTANOL,OCC(CC)CC
624,ETHYL n-PENTYL SULFIDE,CCSCCCCC
625,ETHYL LINOLENATE,O=C(OCC)CCCCCCC/C=CC/C=CC/C=CCC
626,ETHYL VINYL ETHER,CCOC=C
627,ETHYL THIOLACETATE,CC(=O)SCC
628,ETHYL MYRISTATE,O=C(OCC)CCCCCCCCCCCCC
629,ETHYL PROPIONATE,CCC(=O)OCC
630,ETHYL PHENYL ACETATE,c1ccccc1CC(=O)OCC
631,ETHYL LEVULINATE,CC(=O)CCC(=O)OCC
632,ETHYL ACETOACETATE,CC(=O)CC(=O)OCC
633,ETHYL CAPRYLATE,O=C(OCC)CCCCCCC
634,ETHYL OLEATE,O=C(OCC)CCCCCCCC=CCCCCCCCC
635,N-ETHYL-2-METHYLALLYLAMINE,CC(=C)CNCC
636,ETHYL METHACRYLATE,CCOC(=O)C(C)=C
637,ETHYL ISOPROPYL KETONE,CCC(=O)C(C)C
638,ETHYL ISOBUTYRATE,CC(C)C(=O)OCC
639,ETHYL IODIDE,CCI
640,ETHYL LACTATE,CC(O)C(=O)OCC
641,ETHYLTHIOETHANOL,OCCSCC
642,ETHYL HYDROGEN SULFATE,CCOS(=O)(=O)O
643,ETHYL PALMITATE,CCCCCCCCCCCCCCCC(=O)OCC
644,ETHYL FORMATE,CCOC(=O)
645,ETHYL 3-ETHOXYPROPIONATE,CCOCCC(=O)OCC
646,ETHYL LAURATE,O=C(OCC)CCCCCCCCCCC
647,ETHYL TRIMETHYL ACETATE,C(C)(C)(C)C(=O)OCC
648,ETHYL CAPRATE,O=C(OCC)CCCCCCCCC
649,ETHYL CYANOACETATE,N#CCC(=O)OCC
650,ETHYLCHLOROACETATE,ClCC(=O)OCC
651,2-ETHYL BUTYRIC ACID,CCC(CC)C(=O)O
652,ETHYL n-BUTYRATE,CCCC(=O)OCC
653,ETHYL t-BUTYL SULFIDE,CC(C)(C)SCC
654,ETHYL BENZOATE,c1c(C(=O)OCC)cccc1
655,ETHYL ACRYLATE,C=CC(=O)OCC
656,ETHYL ACETATE,CC(=O)OCC
657,2-ETHOXY-1-PROPANOL,CCOC(C)CO
658,2-ETHOXYETHYL ACETATE,CC(=O)OCCOCC
659,DIETHYLENE GLYCOL ETHYL ETHER ACETATE,CCOCCOCCOC(=O)C
660,TETRAETHYLENE GLYCOL MONOETHYL ETHER,CCOCCOCCOCCOCCO
661,tert-BUTYL ETHYL ETHER,CCOC(C)(C)C
662,p-ISOPROPENYLSTYRENE,c1(C=C)ccc(C(C)=C)cc1
663,m-METHYLSTYRENE,C=Cc1cc(C)ccc1
664,o-METHYLSTYRENE,C=Cc1c(C)cccc1
665,ETHANOL,CCO
666,ETHYL MERCAPTAN,CCS
667,"2,3-EPOXY-1-PROPANOL",OCC1CO1
668,n-DODECYLBENZENE,c1ccccc1(CCCCCCCCCCCC)
669,trans-2-DODECENE,C/C=C/CCCCCCCCC
670,cis-2-DODECENE,C/C=CCCCCCCCCC
671,1-DODECENE,C=CCCCCCCCCCC
672,1-DODECANOL,CCCCCCCCCCCCO
673,tert-DODECYL MERCAPTAN,CC(C)(C)CCCCCCCCS
674,DODECANAL,CCCCCCCCCCCC=O
675,DODECAMETHYLCYCLOHEXASILOXANE,[Si]1(C)(C)O[Si](C)(C)O[Si](C)(C)O[Si](C)(C)O[Si](C)(C)O[Si](C)(C)O1
676,PERFLUORO-n-PENTANE,C(F)(F)(F)C(F)(F)C(F)(F)C(F)(F)C(F)(F)(F)
677,DIVINYL ETHER,C=COC=C
678,m-DIVINYLBENZENE,c1(C=C)cc(C=C)ccc1
679,DI-tert-BUTYL DISULFIDE,CC(C)(C)SSC(C)(C)C
680,n-TETRASILANE,[SiH3][SiH2][SiH2][SiH3]
681,DIPROPYLENE GLYCOL n-PROPYL ETHER,CC(O)COC(C)COCCC
682,DIPROPYLENE GLYCOL MONOMETHYL ETHER ACETATE,COCC(C)OCC(C)OC(=O)C
683,DIPROPYLENE GLYCOL,CC(O)COCC(O)C
684,DI-n-PROPYLAMINE,CCCNCCC
685,DI-n-PROPYL DISULFIDE,CCCSSCCC
686,DIPROPYL MALEATE,CCCOC(=O)/C=CC(=O)OCCC
687,DI-n-PROPYL PHTHALATE,c1c(C(=O)OCCC)c(C(=O)OCCC)ccc1
688,cis-STILBENE,c1ccccc1/C=Cc2ccccc2
689,"1,1-DIPHENYLETHANE",c1ccccc1C(C)c2ccccc2
690,DIPHENYLDICHLOROSILANE,c1ccccc1[Si](Cl)(Cl)c2ccccc2
691,"2,4-DIPHENYL-4-METHYLPENTENE-1",C=C(c1ccccc1)CC(C)(c2ccccc2)C
692,DI-n-PENTYL ETHER,CCCCCOCCCCC
693,"1,4-DIOXANE",C1OCCOC1
694,ETHYLAL,CCOCOCC
695,"1,3-DIOXANE",O1COCCC1
696,DI-n-OCTYL SULFIDE,CCCCCCCCSCCCCCCCC
697,DI-n-OCTYLAMINE,CCCCCCCCNCCCCCCCC
698,DIOCTYL ADIPATE,CCCCCCCCOC(=O)CCCCC(=O)OCCCCCCCC
699,DI-n-OCTYL ETHER,CCCCCCCCOCCCCCCCC
700,"2,3-DIMETHYLUNDECANE",CC(C)C(C)CCCCCCCC
701,METHYLCYCLOPENTADIENE DIMER,C1C=C(C)C2C(C3)C(C)=CC3C21
702,"3,4-DIMETHYLTHIOPHENE",CC1=CSC=C1C
703,"2,3-DIMETHYLTHIOPHENE",CC1=C(C)SC=C1
704,"2,6-DIMETHYLPYRIDINE",n1c(C)cccc1(C)
705,"2,4-DIMETHYLANILINE",c1(C)cc(C)c(N)cc1
706,"1,2-EPOXY-2-METHYLPROPANE",CC1(C)CO1
707,"2,7-DIMETHYLOCTANE",CC(C)CCCCC(C)C
708,"2,6-DIMETHYLOCTANE",CC(C)CCCC(C)CC
709,"2,5-DIMETHYLOCTANE",CC(C)CCC(C)CCC
710,"2,4-DIMETHYLOCTANE",CC(C)CC(C)CCCC
711,"2,3-DIMETHYLOCTANE",CC(C)C(C)CCCCC
712,"2,2-DIMETHYLOCTANE",CC(C)(C)CCCCCC
713,"2,3-DIMETHYLNONANE",CC(C)C(C)CCCCCC
714,N-NITROSODIMETHYLAMINE,CN(C)N=O
715,DIMETHYLMERCURY,C[Hg]C
716,"1,6-DIMETHYLINDAN",CC1CCC2=C1C=C(C=C2)C
717,"3,4-DIMETHYLHEXANE",CCC(C)C(C)CC
718,"3,3-DIMETHYLHEXANE",CCC(C)(C)CCC
719,"2,5-DIMETHYLHEXANE",CC(C)CCC(C)C
720,"2,4-DIMETHYLHEXANE",CC(C)CC(C)CC
721,"2,3-DIMETHYLHEXANE",CC(C)C(C)CCC
722,"2,2-DIMETHYLHEXANE",CC(C)(C)CCCC
723,"2,6-DIMETHYLHEPTANE",CC(C)CCCC(C)C
724,"2,3-DIMETHYLHEPTANE",CC(C)C(C)CCCC
725,"2,2-DIMETHYLHEPTANE",CC(C)(C)CCCCC
726,"2,5-DIMETHYLFURAN",Cc1ccc(C)o1
727,DIPROPYLENE GLYCOL t-BUTYL ETHER,CC(C)(C)OC(C)COCC(O)C
728,1-tert-BUTOXY-2-[2-(tert-BUTOXY)PROPOXY]PROPANE,CC(C)(C)OCC(C)OCC(C)OC(C)(C)C
729,"2,3-DIMETHYLDODECANE",CC(C)C(C)CCCCCCCCC
730,"2,3-DIMETHYLDECANE",CC(C)C(C)CCCCCCC
731,"trans-1,3-DIMETHYLCYCLOPENTANE",C1[C@](C)([H])(C[C@]([H])(C)(C1))
732,"trans-1,2-DIMETHYLCYCLOPENTANE",C1[C@](C)([H])([C@]([H])(C)(CC1))
733,"cis-1,3-DIMETHYLCYCLOPENTANE",C1[C@@](C)([H])(C[C@]([H])(C)(C1))
734,"cis-1,2-DIMETHYLCYCLOPENTANE",C1[C@@](C)([H])([C@]([H])(C)(CC1))
735,"1,1-DIMETHYLCYCLOPENTANE",C1(C)(C)CCCC1
736,"trans-1,4-DIMETHYLCYCLOHEXANE",C1[C@](C)([H])(CC[C@]([H])(C)(C1))
737,"trans-1,3-DIMETHYLCYCLOHEXANE",C1[C@](C)([H])(C[C@]([H])(C)(CC1))
738,"cis-1,4-DIMETHYLCYCLOHEXANE",C1[C@@](C)([H])(CC[C@]([H])(C)(C1))
739,"cis-1,3-DIMETHYLCYCLOHEXANE",C1[C@@](C)([H])(C[C@]([H])(C)(CC1))
740,"cis-1,2-DIMETHYLCYCLOHEXANE",C1[C@@](C)([H])([C@]([H])(C)(CCC1))
741,"1,1-DIMETHYLCYCLOHEXANE",C1CCCCC1(C)(C)
742,NEOHEXANOIC ACID,CCC(C)(C)C(=O)O
743,"3,3-DIMETHYL-1-BUTYNE",C(C#C)(C)(C)C
744,"3,5-DIMETHYLBENZOTHIOPHENE",c1cc(C)cc(c(C)cs2)c21
745,"2,3-DIMETHYLBENZOTHIOPHENE",c1cccc2c(C)c(C)sc12
746,"3,5-DIMETHYLBENZOFURAN",CC1C2=CC(C)=CC=C2OC=1
747,"N,N-DIMETHYLANILINE",c1(N(C)C)ccccc1
748,DIMETHYLETHANOLAMINE,CN(C)CCO
749,DIMETHYLALUMINUM CHLORIDE,C[Al+1]C.[Cl-]
750,"1,3-DIMETHYLADAMANTANE",C1C2CC3(CC1CC(C2)(C3)C)C
751,DIMETHYLACETYLENE,CC#CC
752,"N,N-DIMETHYLACETAMIDE",CC(=O)N(C)C
753,OCTADECAMETHYLOCTASILOXANE,C[Si](C)(C)O[Si](C)(C)O[Si](C)(C)O[Si](C)(C)O[Si](C)(C)O[Si](C)(C)O[Si](C)(C)O[Si](C)(C)C
754,TETRADECAMETHYLHEXASILOXANE,C[Si](C)(C)O[Si](C)(C)O[Si](C)(C)O[Si](C)(C)O[Si](C)(C)O[Si](C)(C)C
755,"1,2-DIMETHYL-3-PROPYLBENZENE",c1(CCC)c(C)c(C)ccc1
756,DIISOPROPYL KETONE,CC(C)C(=O)C(C)C
757,"1,3-DIMETHYL-2-IMIDAZOLIDINONE",C1N(C)C(=O)N(C)C1
758,"2,5-DIMETHYL-2,4-HEXADIENE",CC(C)=CC=C(C)C
759,"2,5-DIMETHYL-1,5-HEXADIENE",C=C(C)CCC(C)=C
760,DIISOBUTYL KETONE,CC(C)CC(=O)CC(C)C
761,"2,6-DIMETHYL-4-HEPTANOL",CC(C)CC(O)CC(C)C
762,"2,4-DIMETHYL-3-ETHYLPENTANE",CC(C)C(CC)C(C)C
763,"2,2-DIMETHYL-3-ETHYLPENTANE",CC(C)(C)C(CC)CC
764,3-ETHYL-o-XYLENE,c1(C)c(C)c(CC)ccc1
765,"2,4-DIMETHYL-1,3-DIOXOLANE-2-METHANOL",CC1(CO)OC(C)CO1
766,ACETOMETHOXANE,CC(=O)OC1OC(C)OC(C)C1
767,"3,3-DIMETHYL-1-BUTENE",C=CC(C)(C)C
768,"2,3-DIMETHYL-2-BUTENE",CC(C)=C(C)C
769,"2,3-DIMETHYL-1-BUTENE",C=C(C)C(C)C
770,"3,3-DIMETHYL-2-BUTANONE",CC(=O)C(C)(C)C
771,"2,3-DIMETHYL-1,3-BUTADIENE",C=C(C)C(C)=C
772,"2,5-DIMETHYLTHIOPHENE",S1C(C)=CC=C1(C)
773,DIMETHYL SULFOXIDE,CS(=O)C
774,DIMETHYL SULFIDE,CSC
775,DIMETHYL SULFATE,COS(=O)(=O)OC
776,DIMETHYLMALONATE,COC(=O)CC(=O)OC
777,NEOHEPTANOIC ACID,CCCC(C)(C)C(=O)O
778,DIMETHYL GLUTARATE,COC(=O)CCCC(=O)OC
779,"2,5-DIMETHYLTETRAHYDROFURAN",O1C(C)CCC1C
780,DIMETHYL MALEATE,COC(=O)/C=CC(=O)OC
781,"2,3-DIMETHYL-1-HEXENE",C=C(C)C(C)CCC
782,"N,N-DIMETHYLFORMAMIDE",CN(C)C=O
783,DIMETHYL DISULFIDE,CSSC
784,DIMETHYL PHTHALATE,c1(C(=O)OC)c(C(=O)OC)cccc1
785,"1,2-DIMETHOXYPROPANE",CC(OC)COC
786,"1,2-DIMETHOXYETHANE",COCCOC
787,"1,1-DIMETHOXYETHANE",COC(C)OC
788,DIMETHYLDIMETHOXYSILANE,CO[Si](C)(C)OC
789,"1,2-ETHANEDITHIOL",SCCS
790,DIMERCAPTOETHYL ETHER,SCCOCCS
791,DIISOPROPYLAMINE,CC(C)NC(C)C
792,DIISOPROPYL SULFIDE,CC(C)SC(C)C
793,DIISOBUTYLALUMINUM CHLORIDE,CC(C)C[Al](Cl)CC(C)C
794,DIIODOMETHANE,ICI
795,"2,5-DIHYDROFURAN",C1OCC=C1
796,"2,3-DIHYDROFURAN",C1C=COC1
797,THIAINDAN,c1cc2SCCc2cc1
798,DIHEXYL ADIPATE,CCCCCCOC(=O)CCCCC(=O)OCCCCCC
799,"2-(DIFLUOROMETHOXY)-1,1,1-TRIFLUOROETHANE",FC(F)OCC(F)(F)F
800,"1,4-DIFLUOROBENZENE",Fc1ccc(F)cc1
801,"1,3-DIFLUOROBENZENE",Fc1cc(F)ccc1
802,"1,2-DIFLUOROBENZENE",Fc1c(F)cccc1
803,DIETHYL SULFATE,CCOS(=O)(=O)OCC
804,"3,3-DIETHYLPENTANE",CCC(CC)(CC)CC
805,"N,N-DIETHYLMETHYLAMINE",CCN(C)CC
806,DIETHYLETHANOLAMINE,CCN(CC)CCO
807,DIETHYLENETRIAMINE,NCCNCCN
808,"trans-1,4-DIETHYLCYCLOHEXANE",C1(CC)CCC(CC)CC1
809,"1,1-DIETHYLCYCLOHEXANE",C1CCCCC1(CC)(CC)
810,p-DIETHYLBENZENE,c1(CC)ccc(CC)cc1
811,o-DIETHYLBENZENE,c1(CC)c(CC)cccc1
812,m-DIETHYLBENZENE,c1(CC)cc(CC)ccc1
813,"N,N-DIETHYLANILINE",c1ccccc1N(CC)CC
814,"2,6-DIETHYLANILINE",c1(N)c(CC)cccc1(CC)
815,DIETHYLAMINE,CCNCC
816,"N,N-DIETHYLHYDROXYLAMINE",CCN(O)CC
817,DIETHYLSULFITE,CCOS(=O)OCC
818,DIETHYL SULFIDE,CCSCC
819,DIETHYL OXALATE,CCOC(=O)C(=O)OCC
820,DIETHYL MALEATE,CCOC(=O)/C=CC(=O)OCC
821,3-PENTANONE,CCC(=O)CC
822,DIETHYL DISULFIDE,CCSSCC
823,DIETHYL CARBONATE,CCOC(=O)OCC
824,ACETAL,CCOC(C)OCC
825,DICYCLOHEXYLAMINE,N(C1CCCCC1)(C2CCCCC2)
826,cis-DICYANO-1-BUTENE,N#C/C=CCCC#N
827,trans-DICYANO-1-BUTENE,N#C/C=C/CCC#N
828,"2,4-DICHLOROTOLUENE",c1c(Cl)c(C)ccc1(Cl)
829,"2,3-DICHLOROPROPENE",C=C(Cl)CCl
830,"1,1-DICHLOROPROPANE",CCC(Cl)Cl
831,"cis-1,3-DICHLOROPROPENE",C(Cl)/C=CCl
832,"trans-1,3-DICHLOROPROPENE",C(Cl)/C=C/Cl
833,PHENYLMETHYLDICHLOROSILANE,c1ccccc1([Si](Cl)(Cl)C)
834,BENZYL DICHLORIDE,c1ccccc1C(Cl)Cl
835,DICHLOROMETHANE,ClCCl
836,"1,3-DICHLOROHEXAFLUOROPROPANE",ClC(F)(F)C(F)(F)C(F)(F)Cl
837,"1,2-DICHLOROHEXAFLUOROCYCLOBUTANE",C1(Cl)(F)C(Cl)(F)C(F)(F)C1(F)(F)
838,"trans-1,2-DICHLOROETHYLENE",Cl/C=C/Cl
839,"cis-1,2-DICHLOROETHYLENE",Cl/C=CCl
840,DI(2-CHLOROETHYL)ETHER,ClCCOCCCl
841,"1,2-DICHLOROETHANE",ClCCCl
842,"1,1-DICHLOROETHANE",CC(Cl)Cl
843,DIMETHYLDICHLOROSILANE,C[Si](C)(Cl)Cl
844,"(Z)-1,3-DICHLORO-2-BUTENE",ClC/C=C(C)Cl
845,"2,3-DICHLOROBUTANE",CC(Cl)C(Cl)C
846,"1,4-DICHLOROBUTANE",ClCCCCCl
847,"1,2-DICHLOROBUTANE",C(Cl)C(Cl)CC
848,"2,4-DICHLOROBENZOTRIFLUORIDE",c1(C(F)(F)F)c(Cl)cc(Cl)cc1
849,o-DICHLOROBENZENE,c1(Cl)ccccc1(Cl)
850,m-DICHLOROBENZENE,c1c(Cl)cccc1(Cl)
851,DICHLOROACETYL CHLORIDE,ClC(Cl)C(=O)Cl
852,DICHLOROACETALDEHYDE,ClC(Cl)C(=O)
853,"1,2-DICHLORO-1,1,2-TRIFLUOROETHANE",ClC(F)(F)C(Cl)F
854,"2,2-DICHLORO-1,1,2-TRIFLUOROETHANE",FC(Cl)(Cl)C(F)F
855,"2,3-DICHLORO-1-PROPANOL",ClCC(Cl)CO
856,"1,3-DICHLORO-2-PROPANOL",ClCC(O)CCl
857,"1,1-DICHLORO-1-FLUOROETHANE",C(Cl)(Cl)(F)C
858,"3,4-DICHLORO-1-BUTENE",C=CC(Cl)CCl
859,"1,4-DICHLORO-trans-2-BUTENE",ClC/C=C/CCl
860,"1,4-DICHLORO-cis-2-BUTENE",ClC/C=CCCl
861,DICHLOROACETIC ACID,ClC(Cl)C(=O)O
862,DI-n-BUTYLAMINE,CCCCNCCCC
863,DI-n-BUTYL SULFATE,CCCCOS(=O)(=O)OCCCC
864,DIBUTYL SEBACATE,CCCCOC(=O)CCCCCCCCC(=O)OCCCC
865,DI-n-BUTYL PHTHALATE,c1(C(=O)OCCCC)c(C(=O)OCCCC)cccc1
866,"1,2-DIBROMOTETRAFLUOROETHANE",BrC(F)(F)C(F)(F)Br
867,"1,3-DIBROMOPROPANE",BrCCCBr
868,"1,2-DIBROMOPROPANE",BrCC(Br)C
869,DIBROMOMETHANE,BrCBr
870,"1,1-DIBROMOETHANE",CC(Br)Br
871,DIBENZYL ETHER,c1ccccc1(COCc1ccccc1)
872,PYRIMIDINE,N1=CN=CC=C1
873,PYRIDAZINE,N1=NC=CC=C1
874,"1,2-PROPANEDIAMINE",CC(N)CN
875,DIALLYLAMINE,C=CCNCC=C
876,DIALLYL MALEATE,C=CCOC(=O)/C=CC(=O)OCC=C
877,GLYCERYL TRIACETATE,O=C(OCC(OC(=O)C)COC(=O)C)C
878,ETHYLTRIACETOXYSILANE,[Si](CC)(OC(=O)C)(OC(=O)C)OC(=O)C
879,DIACETONE ALCOHOL,CC(=O)CC(C)(O)C
880,DIAMYLAMINE,CCCCCNCCCCC
881,DI-n-HEXYL ETHER,CCCCCCOCCCCCC
882,DI-2-ETHYLHEXYLAMINE,CCCCC(CC)CNCC(CC)CCCC
883,DI-sec-BUTYL ETHER,CCC(C)OC(C)CC
884,1-n-DECYLNAPHTHALENE,c1(CCCCCCCCCC)cccc2ccccc21
885,n-DECYLCYCLOHEXANE,C1CCCCC1(CCCCCCCCCC)
886,n-DECYLBENZENE,c1(CCCCCCCCCC)ccccc1
887,n-DECYLAMINE,CCCCCCCCCCN
888,n-DECYL FORMATE,CCCCCCCCCCOC=O
889,n-DECYL ACETATE,CC(=O)OCCCCCCCCCC
890,trans-2-DECENE,C/C=C/CCCCCCC
891,cis-2-DECENE,C/C=CCCCCCCC
892,1-DECANOL,CCCCCCCCCCO
893,n-DECYL MERCAPTAN,CCCCCCCCCCS
894,DECANAL,CCCCCCCCCC=O
895,DECAMETHYLCYCLOPENTASILOXANE,[Si]1(C)(C)O[Si](C)(C)O[Si](C)(C)O[Si](C)(C)O[Si](C)(C)O1
896,trans-DECAHYDRONAPHTHALENE,C1C[C@@]2(CCCC[C@]2(CC1)([H]))([H])
897,cis-DECAHYDRONAPHTHALENE,C1C[C@]2(CCCC[C@]2(CC1)([H]))([H])
898,"1,1,1,2,2,3,4,5,5,5-DECAFLUOROPENTANE",FC(F)(F)C(F)(F)C(F)C(F)C(F)(F)F
899,"1,9-DECADIENE",C=CCCCCCCC=C
900,1-DECYNE,C#CCCCCCCCC
901,p-CYMENE,c1(C(C)C)ccc(C)cc1
902,o-CYMENE,c1(C(C)C)c(C)cccc1
903,m-CYMENE,c1(C(C)C)cc(C)ccc1
904,CYCLOPROPYLAMINE,C1CC1N
905,CYCLOPROPANE CARBOXYLIC ACID,C1CC1(C(=O)O)
906,CYCLOPROPYL CYANIDE,C1CC1C#N
907,CYCLOPENTYLAMINE,C1(N)CCCC1
908,CYCLOPENTENE,C1=CCCC1
909,CYCLOPENTANONE,C1(=O)CCCC1
910,CYCLOPENTYLACETIC ACID,C1CCCC1(CC(=O)O)
911,CYCLOPENTADIENE,C1=CC=CC1
912,CYCLOOCTENE,C1=CCCCCCC1
913,CYCLOOCTANE,C1CCCCCCC1
914,"1,5-CYCLOOCTADIENE",C1=CCCC=CCC1
915,"1,3,5,7-CYCLOOCTATETRAENE",C1=CC=CC=CC=C1
916,DICYCLOHEXYL SULFIDE,C1CCCCC1(SC1CCCCC1)
917,n-OCTYLCYCLOHEXANE,C(CCCC1)(C1)CCCCCCCC
918,VINYLCYCLOHEXANE,C=CC1CCCCC1
919,1-CYCLOHEXYLETHANONE,O=C(C)C1CCCCC1
920,tert-BUTYLCYCLOHEXANE,C1CCCCC1C(C)(C)C
921,CYCLOHEXYL ACETATE,C1(OC(=O)C)CCCCC1
922,CYCLOHEXYL ISOCYANATE,C1(N=C=O)CCCCC1
923,CYCLOHEXYL HYDROPEROXIDE,C1(OO)CCCCC1
924,CYCLOHEXYL FORMATE,C1(OC=O)CCCCC1
925,CYCLOHEXANONE,C1(=O)CCCCC1
926,CYCLOHEXANOL,OC1CCCCC1
927,CYCLOHEXYL MERCAPTAN,C1(S)CCCCC1
928,CYCLOHEXANECARBOXALDEHYDE,C1(CCCCC1)C=O
929,"1,4-CYCLOHEXADIENE",C1=CCC=CC1
930,"1,3-CYCLOHEXADIENE",C1=CC=CCC1
931,2-CYCLOHEXENYL CYCLOHEXANONE,C1(C2C(=O)CCCC2)=CCCCC1
932,"1,2,3,6-TETRAHYDROBENZALDEHYDE",O=CC1CCC=CC1
933,"1,2,3,6-TETRAHYDROBENZYL ALCOHOL",OCC(CCC=C1)C1
934,2-CYCLOHEXENE-1-ONE,C1(=O)C=CCCC1
935,CYCLOHEPTENE,C1=CCCCCC1
936,CYCLOHEPTANE,C1CCCCCC1
937,"1,5,9-CYCLODODECATRIENE",C1=CCCC=CCCC=CCC1
938,AMINOACETONITRILE,N#CCN
939,HYDROXYACETONITRILE,N#CCO
940,CUMENE HYDROPEROXIDE,c1ccccc1(C(C)(C)OO)
941,cis-CROTONIC ACID,C/C=CC(=O)O
942,m-CRESOL,c1(O)cc(C)ccc1
943,METHYL MALEIC ANHYDRIDE,C1(=O)OC(=O)C=C(C)1
944,TRIMETHYLCHLOROSILANE,C[Si](C)(Cl)C
945,p-CHLOROTOLUENE,c1cc(C)ccc1(Cl)
946,o-CHLOROTOLUENE,c1(C)ccccc1(Cl)
947,CHLOROSULFONIC ACID,ClS(=O)(=O)O
948,PROPANESULFONYL CHLORIDE,CCCS(=O)(=O)Cl
949,"2-CHLORO-1,3-PROPANEDIOL",C(CO)(CO)Cl
950,"3-CHLORO-1,2-PROPANEDIOL",ClCC(O)CO
951,1-CHLORO-2-PROPANOL,CC(O)CCl
952,CHLOROPRENE,C=C(Cl)C=C
953,o-CHLOROPHENOL,c1(O)c(Cl)cccc1
954,1-CHLOROPENTANE,CCCCCCl
955,1-CHLORONAPHTHALENE,c12c(Cl)cccc1cccc2
956,CHLOROMETHYL METHYL ETHER,ClCOC
957,CHLOROFORM,C(Cl)(Cl)Cl
958,2-CHLOROETHANOL,ClCCO
959,DIMETHYLCHLOROSILANE,C[SiH](C)(Cl)
960,CHLOROCYCLOHEXANE,C1CCCCC1(Cl)
961,m-CHLOROBENZOYL CHLORIDE,c1c(Cl)cccc1C(=O)Cl
962,p-CHLOROBENZOTRIFLUORIDE,c1(C(F)(F)F)ccc(Cl)cc1
963,MONOCHLOROBENZENE,c1ccccc1(Cl)
964,o-CHLOROANILINE,c1(N)c(Cl)cccc1
965,m-CHLOROANILINE,c1(N)cc(Cl)ccc1
966,CHLOROACETYL CHLORIDE,ClCC(=O)Cl
967,PROPARGYL CHLORIDE,C#CCCl
968,4-CHLORO-o-XYLENE,c1(C)c(C)cc(Cl)cc1
969,3-CHLORO-o-XYLENE,c1(C)c(C)c(Cl)ccc1
970,DI-(2-CHLOROETHOXY)METHANE,ClCCOCOCCCl
971,DIETHYLALUMINUM CHLORIDE,CC[Al](Cl)CC
972,CARBON TETRACHLORIDE,C(Cl)(Cl)(Cl)Cl
973,CARBON DISULFIDE,S=C=S
974,gamma-BUTYROLACTONE,C1CCC(=O)O1
975,n-BUTYRIC ACID,CCCC(=O)O
976,DI-n-BUTYL SULFIDE,CCCCSCCCC
977,p-tert-BUTYLSTYRENE,C=Cc1ccc(C(C)(C)C)cc1
978,n-BUTYLHYDROPEROXIDE,OOCCCC
979,tert-BUTYLFORMAMIDE,CC(C)(C)NC=O
980,2-BUTYL-1-DECANOL,CCCCCCCCC(CCCC)CO
981,n-BUTYLCYCLOHEXANE,C1CCCCC1CCCC
982,sec-BUTYLBENZENE,c1(C(C)CC)ccccc1
983,tert-BUTYLAMINE,CC(C)(C)N
984,sec-BUTYLAMINE,CCC(N)C
985,n-BUTYLAMINE,CCCCN
986,BUTYL VINYL ETHER,CCCCOC=C
987,DI-tert-BUTYL SULFIDE,CC(C)(C)SC(C)(C)C
988,t-BUTYL ACETOACETATE,C(C)(C)(C)OC(=O)CC(=O)C
989,n-BUTYL NONANOATE,CCCCCCCCC(=O)OCCCC
990,1-n-BUTYLNAPHTHALENE,c1(CCCC)cccc2ccccc21
991,tert-BUTYL METHACRYLATE,CC(C)(C)OC(=O)C(=C)C
992,n-BUTYL METHACRYLATE,C=C(C)C(=O)OCCCC
993,ISOPROPYL BUTYL ETHER,CCCCOC(C)C
994,n-BUTYL ISOCYANATE,CCCCN=C=O
995,n-BUTYL IODIDE,ICCCC
996,t-BUTYL HYDROPEROXIDE,CC(C)(C)OO
997,MONOBUTYL SULFATE,CCCCOS(=O)(=O)O
998,tert-BUTYL FORMATE,CC(C)(C)OC=O
999,sec-BUTYL FORMATE,CCC(C)OC=O
1000,p-tert-BUTYL ETHYLBENZENE,c1(CC)ccc(C(C)(C)C)cc1
1001,n-BUTYL ETHYL ETHER,CCCCOCC
1002,ETHYL TERT-BUTYL DISULFIDE,CCSSC(C)(C)C
1003,tert-BUTYL CHLORIDE,C(C)(Cl)(C)C
1004,n-BUTYL CHLORIDE,CCCCCl
1005,DIBUTYL TEREPHTHALATE,CCCCOC(=O)c1ccc(cc1)C(=O)OCCCC
1006,n-BUTYL BENZOATE,CCCCOC(=O)c1ccccc1
1007,2-BUTANOL,CCC(O)C
1008,sec-BUTYL ACRYLATE,CCC(C)OC(=O)C=C
1009,tert-BUTYL ACETATE,CC(C)(C)OC(=O)C
1010,n-BUTYL ACETATE,CC(=O)OCCCC
1011,2-BUTYL-NONAN-1-OL,CCCCCCCC(CO)CCCC
1012,"N,N-DIMETHYL-n-BUTYLAMINE",CCCCN(C)C
1013,o-tert-BUTYLPHENOL,Oc1ccccc1C(C)(C)C
1014,PROPYLENE GLYCOL n-BUTYL ETHER,CCCCOCC(O)C
1015,DIETHYLENE GLYCOL MONOBUTYL ETHER ACETATE,CCCCOCCOCCOC(=O)C
1016,TETRAETHYLENE GLYCOL MONOBUTYL ETHER,CCCCOCCOCCOCCOCCO
1017,2-(2-BUTOXYETHOXY)ETHANOL,CCCCOCCOCCO
1018,2-BUTOXYETHANOL,CCCCOCCO
1019,1-tert-BUTYL GLYCERIN,OC(CO)COC(C)(C)C
1020,PROPYLENE GLYCOL 2-tert-BUTYL ETHER,CC(C)(C)OC(C)CO
1021,PROPYLENE GLYCOL 1-tert-BUTYL ETHER,CC(C)(C)OCC(O)C
1022,1-tert-BUTOXY-2-[2-(HYDROXY)PROPOXY]PROPANE,CC(O)COC(C)COC(C)(C)(C)
1023,DIPROPYLENE GLYCOL n-BUTYL ETHER,CC(O)COC(C)COCCCC
1024,sec-BUTYL-tert-BUTYL ETHER,CCC(C)OC(C)(C)C
1025,DI-tert-BUTYL ETHER,CC(C)(C)OC(C)(C)C
1026,CROTYL GLYCOL ETHER,CC=CCOCCO
1027,VINYLACETONITRILE,C=CCC#N
1028,"cis-2-BUTENE-1,4-DIOL",OC/C=CCO
1029,trans-CROTONALDEHYDE,C/C=C/C=O
1030,METHYL ETHYL KETONE,CC(=O)CC
1031,1-BUTANOL,CCCCO
1032,tert-BUTYL MERCAPTAN,CC(C)(C)S
1033,n-BUTYL MERCAPTAN,CCCCS
1034,BUTYRONITRILE,CCCC#N
1035,METHYL tert-PENTYL ETHER,COC(C)(C)CC
1036,sec-BUTYL MERCAPTAN,CC(S)CC
1037,DIACETYL,O=C(C(=O)C)C
1038,"1,4-BUTANEDIOL",OCCCCO
1039,"1,4-BUTANEDIISOCYANATE",O=C=NCCCCN=C=O
1040,BUTANAL,CCCC=O
1041,n-CROTYL ACETATE,CC=CCOC(=O)C
1042,cis-CROTONITRILE,C/C=CC#N
1043,trans-CROTONITRILE,C/C=C/C#N
1044,3-BUTEN-2-ONE,CC(=O)C=C
1045,2-BROMOPROPANE,CC(Br)C
1046,1-BROMOPROPANE,CCCBr
1047,1-BROMONAPHTHALENE,c12ccccc1cccc2(Br)
1048,TRIBROMOMETHANE,BrC(Br)Br
1049,BROMOETHANE,CCBr
1050,1-BROMODODECANE,C(Br)CCCCCCCCCCC
1051,BROMOCHLOROMETHANE,BrCCl
1052,1-BROMOBUTANE,CCCCBr
1053,BROMOBENZENE,c1(Br)ccccc1
1054,BROMOTRICHLOROMETHANE,BrC(Cl)(Cl)Cl
1055,BORON TRIBROMIDE,B(Br)(Br)Br
1056,"1,3-DI-TERT-BUTYL GLYCERIN",CC(C)(C)OCC(O)COC(C)(C)C
1057,"3,5-DIISOPROPYLTOLUENE",CC1=CC(=CC(=C1)C(C)C)C(C)C
1058,DODECAMETHYLPENTASILOXANE,C[Si](C)(C)O[Si](C)(C)O[Si](C)(C)O[Si](C)(C)O[Si](C)(C)C
1059,m-DIISOPROPYLBENZENE HYDROPEROXIDE,c1(C(C)C)cccc(C(OO)(C)C)c1
1060,n-PENTASILANE,[SiH3][SiH2][SiH2][SiH2][SiH3]
1061,DI-t-BUTYL PEROXIDE,CC(C)(C)OOC(C)(C)C
1062,BIS(CYANOETHYL)ETHER,N#CCCOCCC#N
1063,BIS(CHLOROMETHYL)ETHER,ClCOCCl
1064,DIETHYLENE GLYCOL DI-n-BUTYL ETHER,CCCCOCCOCCOCCCC
1065,BICYCLOHEXYL,C1CCCCC1C2CCCCC2
1066,BENZYLAMINE,c1(CN)ccccc1
1067,BENZYL FORMATE,c1(COC=O)ccccc1
1068,BENZYL ETHYL ETHER,c1ccccc1(COCC)
1069,BENZYL BENZOATE,c1ccccc1(C(=O)OCc2ccccc2)
1070,BENZYL ACETATE,CC(=O)OCc1ccccc1
1071,BENZOYL CHLORIDE,c1(C(=O)Cl)ccccc1
1072,BENZOTRIFLUORIDE,c1(C(F)(F)F)ccccc1
1073,BENZOTRICHLORIDE,c1ccccc1(C(Cl)(Cl)(Cl))
1074,3-PHENYL-1-PROPANOL,C(O)CC(c1ccccc1)
1075,BENZONITRILE,c1(C#N)ccccc1
1076,ARSENIC (III) CHLORIDE,Cl[As](Cl)Cl
1077,ANISOLE,c1ccccc1(OC)
1078,ANILINE,c1(N)ccccc1
1079,"1,4-BIS(3-AMINOPROPYL)PIPERAZINE",C1N(CCCN)CCN(CCCN)C1
1080,n-HEPTYLAMINE,CCCCCCCN
1081,N-AMINOETHYL ETHANOLAMINE,NCCNCCO
1082,2-AMINOETHOXYETHANOL,NCCOCCO
1083,BIS-(2-AMINOETHYL)ETHER,NCCOCCN
1084,3-AMINO-1-PROPANOL,OCCCN
1085,1-AMINO-2-PROPANOL,OC(C)CN
1086,PROPENYL CYCLOHEXENE,C1CCCC=C1CC=C
1087,ALLYL METHACRYLATE,C=C(C)C(=O)OCC=C
1088,ADIPONITRILE,N#CCCCCC#N
1089,ACRYLIC ACID,C=CC(=O)O
1090,ACROLEIN,C=CC=O
1091,ALLYLIDENE DIACETATE,CC(=O)OC(C=C)OC(=O)C
1092,SUCROSE ACETATE ISOBUTYRATE,CC(C)C(=O)OC1C(COC(=O)C)OC(OC2(COC(=O)C(C)C)C(OC(=O)C(C)C)C(OC(=O)C(C)C)C(COC(=O)C)O2)C(OC(=O)C(C)C)C1OC(=O)C(C)C
1093,ETHYLENE GLYCOL DIACETATE,CC(=O)OCCOC(C)=O
1094,ACETYL CHLORIDE,CC(=O)Cl
1095,ACETOPHENONE,c1ccccc1(C(=O)C)
1096,ACETONITRILE,CC#N
1097,ACETONE,CC(=O)C
1098,ACETIC ACID,CC(=O)O
1099,"2,4-XYLENOL",c1c(O)c(C)cc(C)c1
1100,VINYLTRICHLOROSILANE,C=C[Si](Cl)(Cl)Cl
1101,VINYLETHYLENE CARBONATE,C1OC(=O)OC1(C=C)
1102,VINYLCYCLOHEXENE,C1=CCC(C=C)CC1
1103,VINYLNORBORNENE,C1(CC2C=CC1C2)C=C
1104,VINYL PROPIONATE,C=COC(=O)CC
1105,VINYL FORMATE,C=COC(=O)
1106,VINYL PIVALATE,CC(C)(C)C(=O)OC=C
1107,VINYL ACETATE,CC(=O)OC=C
1108,VANADIUM OXYTRICHLORIDE,Cl[V](=O)(Cl)Cl
1109,VANADIUM TETRACHLORIDE,Cl[V](Cl)(Cl)Cl
1110,gamma-VALEROLACTONE,C1C(C)OC(=O)C1
1111,n-UNDECYLBENZENE,c1ccccc1(CCCCCCCCCCC)
1112,1-UNDECANOL,CCCCCCCCCCCO
1113,UNDECYL MERCAPTAN,CCCCCCCCCCCS
1114,UNDECYLAMINE,CCCCCCCCCCCN
1115,UNDECANAL,CCCCCCCCCCC=O
1116,TRIPROPYLAMINE,CCCN(CCC)CCC
1117,alpha-TOCOPHEROL,c1(O)c(C)c2CCC(C)(CCCC(C)CCCC(C)CCCC(C)C)Oc2c(C)c1(C)
1118,"2,3,5-TRIMETHYLTHIOPHENE",CC1=CC(C)=C(C)S1
1119,TRIMETHYL SILANOL,[Si](C)(C)(C)O
1120,"2,3,3-TRIMETHYLPENTANE",CC(C)C(C)(C)CC
1121,"2,2,3-TRIMETHYLPENTANE",CC(C)(C)C(C)CC
1122,"2,6,8-TRIMETHYL-4-NONANONE",CC(C)CC(C)CC(=O)CC(C)C
1123,"1,1,5-TRIMETHYLINDAN",CC1=CC2=C(C=C1)C(CC2)(C)C
1124,"2,4,4-TRIMETHYLHEXANE",CC(C)CC(C)(C)CC
1125,"3,3,5-TRIMETHYLHEPTANE",CCC(C)(C)CC(C)CC
1126,"1,1,3-TRIMETHYLCYCLOHEXANE",CC(CC1C)(CCC1)C
1127,"1-trans-3,5-TRIMETHYLCYCLOHEXANE",C1[C@](C)([H])(C[C@]([H])(C)(C[C@]1([H])(C)))
1128,ISOPHORONE,C1C(=O)C=C(C)CC1(C)(C)
1129,1-TRIDECENE,C=CCCCCCCCCCCC
1130,n-TETRADECANE,CCCCCCCCCCCCCC
1131,SULFURIC ACID,O=S(O)(O)=O
1132,n-PROPYLBENZENE,c1(CCC)ccccc1
1133,PROPIONIC ANHYDRIDE,CCC(=O)OC(=O)CC
1134,n-PENTYLCYCLOPENTANE,CCCCCC1CCCC1
1135,n-PENTANE,CCCCC
1136,"trans-1,3-PENTADIENE",C=C/C=C/C
1137,n-PENTADECANE,CCCCCCCCCCCCCCC
1138,trans-3-PENTEN-2-ONE,O=C(C)C=CC
1139,cis-2-OCTENE,C/C=CCCCCC
1140,1-OCTENE,C=CCCCCCC
1141,n-OCTANE,CCCCCCCC
1142,QUINALDINE,c1(ccc(C)n2)c2cccc1
1143,MESITYL OXIDE,CC(C)=CC(=O)C
1144,3-METHYLHEXANE,CCC(C)CCC
1145,2-METHYLHEXANE,CC(C)CCCC
1146,2-METHYLHEPTANE,CC(C)CCCCC
1147,"2-METHYL-1,3-PROPANEDIOL",OCC(C)CO
1148,o-ISOPROPYLPHENOL,CC(C)c1ccccc1O
1149,p-DIISOPROPYLBENZENE,c1(C(C)C)ccc(C(C)C)cc1
1150,m-DIISOPROPYLBENZENE,c1(C(C)C)cc(C(C)C)ccc1
1151,METHYLAL,COCOC
1152,METHYLCYCLOHEXANE,C1CCCCC1(C)
1153,METHYL MYRISTATE,COC(=O)CCCCCCCCCCCCC
1154,METHYL PENTADECANOATE,O=C(OC)CCCCCCCCCCCCCC
1155,ISOBUTYL-tert-BUTYL ETHER,CC(C)COC(C)(C)C
1156,METHYL METHACRYLATE,C=C(C)C(=O)OC
1157,1-METHYL-4-ISOPROPYLCYCLOHEXANE,C1(CCC(CC1)C(C)C)C
1158,METHYL ISOCYANATE,CN=C=O
1159,METHYL ACETATE,CC(=O)OC
1160,MESITYLENE,c1(C)cc(C)cc(C)c1
1161,CUMENE,c1(C(C)C)ccccc1
1162,PHENYL ISOCYANATE,c1(N=C=O)ccccc1
1163,4-HYDROXY-2-PENTANONE,CC(=O)CC(O)C
1164,n-HEXANE,CCCCCC
1165,n-HEXADECANE,CCCCCCCCCCCCCCCC
1166,n-HEPTYLBENZENE,c1(CCCCCCC)ccccc1
1167,n-HEPTANE,CCCCCCC
1168,n-HEPTADECANE,CCCCCCCCCCCCCCCCC
1169,3-ETHYLPENTANE,CCC(CC)CC
1170,1-ETHYLINDAN,CCC1CCC2=CC=CC=C21
1171,ETHYLIDENE DIACETATE,CC(=O)OC(C)OC(=O)C
1172,ETHYLBENZENE,c1ccccc1(CC)
1173,2-ETHOXYETHANOL,CCOCCO
1174,DIETHYLENE GLYCOL DIETHYL ETHER,CCOCCOCCOCC
1175,ACETIC ANHYDRIDE,CC(=O)OC(=O)C
1176,n-DODECYL MERCAPTAN,CCCCCCCCCCCCS
1177,"1,3-DIOXOLANE",O(CCO1)C1
1178,"3,3-DIMETHYLPENTANE",CCC(C)(C)CC
1179,"2,4-DIMETHYLPENTANE",CC(C)CC(C)C
1180,"2,3-DIMETHYLPENTANE",CC(C)C(C)CC
1181,"2,2-DIMETHYLPENTANE",CC(C)(C)CCC
1182,"N,N-DIMETHYLOCTANAMIDE",C(C(N(C)C)=O)CCCCCC
1183,"1,1-DIMETHYLINDAN",CC1(C)CCC2=CC=CC=C21
1184,"3,4-DIMETHYLHEPTANE",CCCC(C)C(C)CC
1185,"2,3-DIMETHYLBUTANE",CC(C)C(C)C
1186,"2,2-DIMETHYLBUTANE",CC(C)(C)CC
1187,p-XYLENE,c1(C)ccc(C)cc1
1188,m-XYLENE,c1(C)cc(C)ccc1
1189,o-XYLENE,c1(C)ccccc1(C)
1190,DIMETHYL CARBONATE,COC(=O)OC
1191,DIMETHYL SUCCINATE,COC(=O)CCC(=O)OC
1192,DIKETENE,C=C1CC(=O)O1
1193,"1,1-DIETHYLCYCLOPENTANE",CCC1(CCCC1)CC
1194,DIETHYL SUCCINATE,CCOC(=O)CCC(=O)OCC
1195,"1,2-DIETHOXYETHANE",CCOCCOCC
1196,"1,2-DICHLOROPROPANE",C(Cl)C(Cl)C
1197,1-DECENE,C=CCCCCCCCC
1198,n-DECANE,CCCCCCCCCC
1199,n-HEXYLCYCLOPENTANE,CCCCCCC1CCCC1
1200,CYCLOPENTANOL,C1CCC(O)C1
1201,CYCLOPENTANE,C1CCCC1
1202,CYCLOHEXYLBENZENE,c1ccccc1(C2CCCCC2)
1203,CYCLOHEXYLAMINE,C1(N)CCCCC1
1204,CYCLOHEXANE,C1CCCCC1
1205,alpha-EPICHLOROHYDRIN,ClCC1CO1
1206,4-tert-BUTYLTOLUENE,Cc1ccc(C(C)(C)C)cc1
1207,"1-tert-BUTYL-3,5-DIMETHYLBENZENE",Cc1cc(C)cc(C(C)(C)C)c1
1208,n-BUTYL ACRYLATE,CCCCOC(=O)C=C
1209,sec-BUTYL ACETATE,CC(=O)OC(C)CC
1210,ETHYLENE GLYCOL MONOBUTYL ETHER ACETATE,CC(=O)OCCOCCCC
1211,DIPROPYLENE GLYCOL DIBENZOATE,O=C(c1ccccc1)OCC(OC(C(C)OC(=O)c2ccccc2))C
1212,DIETHYLENE GLYCOL DIBENZOATE,O=C(c1ccccc1)OCCOCCOC(=O)c1ccccc1
1213,"2,3-BENZOFURAN",c2ccc1occc1c2
1214,BENZENE,c1ccccc1
1215,1-UNDECENE,C=CCCCCCCCCC
1216,n-UNDECANE,CCCCCCCCCCC
1217,"1,3,5-TRIISOPROPYLBENZENE",c1(C(C)C)cc(C(C)C)cc(C(C)C)c1
1218,"2,2,4-TRIMETHYLPENTANE",CC(C)(C)CC(C)C
1219,"2,2,5-TRIMETHYLHEXANE",CC(C)(C)CCC(C)C
1220,"1,1,2-TRIMETHYLCYCLOPENTANE",C1(C)(C)C(C)CCC1
1221,"2,2,3-TRIMETHYLBUTANE",CC(C)(C)C(C)C
1222,"1,2,4-TRIMETHYLBENZENE",c1(C)c(C)cc(C)cc1
